--
-- PostgreSQL database dump
--

-- Dumped from database version 9.6.10
-- Dumped by pg_dump version 9.6.10

SET statement_timeout = 0;
SET lock_timeout = 0;
SET idle_in_transaction_session_timeout = 0;
SET client_encoding = 'UTF8';
SET standard_conforming_strings = on;
SELECT pg_catalog.set_config('search_path', '', false);
SET check_function_bodies = false;
SET client_min_messages = warning;
SET row_security = off;

--
-- Name: plpgsql; Type: EXTENSION; Schema: -; Owner: 
--

CREATE EXTENSION IF NOT EXISTS plpgsql WITH SCHEMA pg_catalog;


--
-- Name: EXTENSION plpgsql; Type: COMMENT; Schema: -; Owner: 
--

COMMENT ON EXTENSION plpgsql IS 'PL/pgSQL procedural language';


SET default_tablespace = '';

SET default_with_oids = false;

--
-- Name: buildings; Type: TABLE; Schema: public; Owner: adi
--

CREATE TABLE public.buildings (
    id integer NOT NULL,
    name text NOT NULL
);


ALTER TABLE public.buildings OWNER TO adi;

--
-- Name: density_data; Type: TABLE; Schema: public; Owner: adi
--

CREATE TABLE public.density_data (
    dump_time timestamp without time zone NOT NULL,
    group_id integer NOT NULL,
    client_count integer
);


ALTER TABLE public.density_data OWNER TO adi;

--
-- Name: oauth_data; Type: TABLE; Schema: public; Owner: adi
--

CREATE TABLE public.oauth_data (
    uni text NOT NULL,
    code character varying(64) NOT NULL
);


ALTER TABLE public.oauth_data OWNER TO adi;

--
-- Name: routers; Type: TABLE; Schema: public; Owner: adi
--

CREATE TABLE public.routers (
    id integer NOT NULL,
    name text NOT NULL,
    building_id integer NOT NULL
);


ALTER TABLE public.routers OWNER TO adi;

--
-- Data for Name: buildings; Type: TABLE DATA; Schema: public; Owner: adi
--

COPY public.buildings (id, name) FROM stdin;
115	Butler
124	Avery
99	Northwest Corner Building
2	Uris
97	East Asian Library
153	John Jay
109	Lehman Library
101	Lerner
\.


--
-- Data for Name: density_data; Type: TABLE DATA; Schema: public; Owner: adi
--

COPY public.density_data (dump_time, group_id, client_count) FROM stdin;
2014-10-21 20:15:00	155	97
2014-10-21 20:30:00	155	44
2014-10-21 20:45:00	155	17
2014-10-21 21:00:00	155	12
2014-10-21 21:15:00	155	7
2014-10-21 21:30:00	155	3
2014-10-21 21:45:00	155	11
2014-10-21 20:15:00	125	11
2014-10-21 20:30:00	125	11
2014-10-21 20:45:00	125	11
2014-10-21 21:00:00	125	11
2014-10-21 21:15:00	125	10
2014-10-21 21:30:00	125	10
2014-10-21 21:45:00	125	6
2014-10-21 22:00:00	125	6
2014-10-21 20:15:00	96	401
2014-10-21 20:30:00	96	408
2014-10-21 20:45:00	96	400
2014-10-21 21:00:00	96	378
2014-10-21 21:15:00	96	384
2014-10-21 21:30:00	96	388
2014-10-21 21:45:00	96	384
2014-10-21 19:45:00	98	99
2014-10-21 20:00:00	98	107
2014-10-21 20:15:00	98	87
2014-10-21 20:30:00	98	83
2014-10-21 20:45:00	98	95
2014-10-21 21:00:00	98	73
2014-10-21 19:45:00	100	74
2014-10-21 20:00:00	100	87
2014-10-21 20:15:00	100	83
2014-10-21 20:30:00	100	69
2014-10-21 20:45:00	100	80
2014-10-21 21:00:00	100	73
2014-10-21 21:15:00	100	74
2014-10-21 21:30:00	100	76
2014-10-21 21:45:00	100	75
2014-10-21 20:15:00	102	82
2014-10-21 20:30:00	102	60
2014-10-21 20:45:00	102	46
2014-10-21 19:45:00	102	89
2014-10-21 21:00:00	102	18
2014-10-21 21:15:00	102	9
2014-10-21 21:30:00	102	9
2014-10-21 20:00:00	103	108
2014-10-21 20:15:00	103	87
2014-10-21 20:30:00	103	126
2014-10-21 20:45:00	103	84
2014-10-21 21:15:00	103	79
2014-10-21 21:30:00	103	75
2014-10-21 21:45:00	103	58
2014-10-21 22:00:00	103	67
2014-10-21 20:00:00	104	146
2014-10-21 20:15:00	104	110
2014-10-21 20:30:00	104	108
2014-10-21 20:45:00	104	50
2014-10-21 21:00:00	104	62
2014-10-21 21:15:00	104	43
2014-10-21 21:30:00	104	47
2014-10-21 21:45:00	104	64
2014-10-21 20:00:00	105	128
2014-10-21 20:15:00	105	122
2014-10-21 20:30:00	105	95
2014-10-21 20:45:00	105	79
2014-10-21 21:00:00	105	82
2014-10-21 21:15:00	105	87
2014-10-21 21:30:00	105	84
2014-10-21 21:45:00	105	94
2014-10-21 20:15:00	106	125
2014-10-21 20:30:00	106	169
2014-10-21 20:45:00	106	147
2014-10-21 21:00:00	106	164
2014-10-21 21:30:00	106	129
2014-10-21 21:45:00	106	141
2014-10-21 22:00:00	106	90
2014-10-21 20:15:00	107	33
2014-10-21 20:30:00	107	54
2014-10-21 20:45:00	107	29
2014-10-21 21:00:00	107	47
2014-10-21 21:15:00	107	26
2014-10-21 21:30:00	107	22
2014-10-21 21:45:00	107	32
2014-10-21 19:45:00	110	49
2014-10-21 20:00:00	110	48
2014-10-21 20:15:00	110	46
2014-10-21 20:30:00	110	53
2014-10-21 20:45:00	110	51
2014-10-21 19:30:00	110	66
2014-10-21 21:00:00	110	57
2014-10-21 20:00:00	111	282
2014-10-21 20:15:00	111	286
2014-10-21 20:30:00	111	320
2014-10-21 20:45:00	111	314
2014-10-21 21:00:00	111	270
2014-10-21 21:15:00	111	265
2014-10-21 21:30:00	111	279
2014-10-21 21:45:00	111	278
2014-10-21 20:00:00	116	426
2014-10-21 20:15:00	116	391
2014-10-21 20:30:00	116	455
2014-10-21 20:45:00	116	425
2014-10-21 21:00:00	116	491
2014-10-21 21:15:00	116	413
2014-10-21 21:30:00	116	440
2014-10-21 21:45:00	116	479
2014-10-21 22:00:00	116	467
2014-10-21 22:15:00	155	10
2014-10-21 22:30:00	155	5
2014-10-21 22:45:00	155	8
2014-10-21 23:00:00	155	6
2014-10-21 23:15:00	155	5
2014-10-21 23:30:00	155	7
2014-10-22 00:30:00	155	5
2014-10-22 00:45:00	155	4
2014-10-21 22:15:00	125	7
2014-10-21 22:30:00	125	8
2014-10-21 22:45:00	125	10
2014-10-21 23:00:00	125	7
2014-10-21 23:15:00	125	1
2014-10-21 23:30:00	125	1
2014-10-22 00:30:00	125	1
2014-10-22 00:45:00	125	1
2014-10-21 22:00:00	96	385
2014-10-21 22:15:00	96	365
2014-10-21 22:30:00	96	335
2014-10-21 22:45:00	96	304
2014-10-21 23:00:00	96	299
2014-10-21 23:15:00	96	275
2014-10-21 23:30:00	96	260
2014-10-21 22:00:00	98	104
2014-10-21 22:15:00	98	91
2014-10-21 22:30:00	98	79
2014-10-21 22:45:00	98	68
2014-10-21 23:00:00	98	56
2014-10-21 23:15:00	98	21
2014-10-21 23:30:00	98	10
2014-10-22 00:45:00	98	7
2014-10-21 22:15:00	100	82
2014-10-21 22:30:00	100	73
2014-10-21 22:45:00	100	73
2014-10-21 23:00:00	100	72
2014-10-21 23:15:00	100	71
2014-10-21 23:30:00	100	64
2014-10-22 00:30:00	100	57
2014-10-22 00:45:00	100	48
2014-10-21 22:00:00	102	9
2014-10-22 11:00:00	102	13
2014-10-21 22:30:00	102	3
2014-10-21 22:45:00	102	2
2014-10-21 23:00:00	102	0
2014-10-21 23:15:00	102	19
2014-10-21 23:30:00	102	19
2014-10-22 00:30:00	102	8
2014-10-21 22:15:00	103	77
2014-10-21 22:45:00	103	67
2014-10-21 23:15:00	103	73
2014-10-22 00:45:00	103	25
2014-10-21 23:30:00	103	74
2014-10-22 00:30:00	103	43
2014-10-21 23:00:00	103	61
2014-10-21 22:15:00	104	62
2014-10-21 22:45:00	104	43
2014-10-21 23:00:00	104	41
2014-10-21 23:15:00	104	42
2014-10-21 23:30:00	104	55
2014-10-22 00:30:00	104	37
2014-10-22 00:45:00	104	29
2014-10-21 22:00:00	105	79
2014-10-21 22:15:00	105	65
2014-10-21 22:30:00	105	63
2014-10-21 22:45:00	105	49
2014-10-21 23:00:00	105	42
2014-10-21 23:15:00	105	41
2014-10-21 22:15:00	106	87
2014-10-21 22:30:00	106	90
2014-10-21 23:00:00	106	91
2014-10-21 23:15:00	106	66
2014-10-21 23:30:00	106	60
2014-10-22 00:30:00	106	38
2014-10-22 00:45:00	106	24
2014-10-21 22:00:00	107	28
2014-10-21 22:15:00	107	39
2014-10-21 22:30:00	107	39
2014-10-21 22:45:00	107	34
2014-10-21 23:00:00	107	35
2014-10-21 23:15:00	107	37
2014-10-21 23:30:00	107	38
2014-10-22 00:45:00	107	13
2014-10-21 22:00:00	110	55
2014-10-21 22:15:00	110	50
2014-10-21 22:30:00	110	55
2014-10-21 22:45:00	110	48
2014-10-21 23:00:00	110	39
2014-10-21 23:15:00	110	43
2014-10-21 23:30:00	110	36
2014-10-21 23:45:00	110	35
2014-10-21 22:00:00	111	284
2014-10-21 22:15:00	111	277
2014-10-21 22:30:00	111	243
2014-10-21 22:45:00	111	238
2014-10-21 17:45:00	111	435
2014-10-21 23:00:00	111	223
2014-10-21 23:15:00	111	197
2014-10-21 23:30:00	111	187
2014-10-22 00:30:00	111	0
2014-10-21 22:15:00	116	490
2014-10-21 22:30:00	116	482
2014-10-21 22:45:00	116	470
2014-10-21 23:15:00	116	479
2014-10-21 23:30:00	116	448
2014-10-22 00:30:00	116	443
2014-10-22 00:45:00	116	390
2014-10-22 01:00:00	155	5
2014-10-22 01:15:00	155	4
2014-10-22 01:30:00	155	4
2014-10-22 03:30:00	155	1
2014-10-22 03:45:00	155	1
2014-10-22 04:00:00	155	1
2014-10-22 04:15:00	155	0
2014-10-22 04:30:00	155	0
2014-10-22 01:00:00	125	1
2014-10-22 01:15:00	125	1
2014-10-22 03:30:00	125	2
2014-10-22 03:45:00	125	2
2014-10-22 04:00:00	125	2
2014-10-22 04:15:00	125	1
2014-10-22 04:30:00	125	1
2014-10-21 23:45:00	125	1
2014-10-22 00:00:00	125	1
2014-10-22 00:15:00	125	1
2014-10-22 01:15:00	96	8
2014-10-22 03:45:00	96	6
2014-10-22 04:00:00	96	7
2014-10-22 04:15:00	96	6
2014-10-22 00:00:00	96	218
2014-10-22 00:15:00	96	33
2014-10-22 01:15:00	98	4
2014-10-22 03:30:00	98	4
2014-10-22 03:45:00	98	3
2014-10-22 04:00:00	98	3
2014-10-22 04:15:00	98	3
2014-10-22 00:00:00	98	5
2014-10-22 00:15:00	98	7
2014-10-22 01:00:00	100	42
2014-10-22 01:15:00	100	38
2014-10-22 03:45:00	100	1
2014-10-22 04:00:00	100	1
2014-10-22 04:15:00	100	1
2014-10-21 23:45:00	100	60
2014-10-22 00:00:00	100	55
2014-10-22 00:15:00	100	54
2014-10-22 01:00:00	102	1
2014-10-22 01:15:00	102	0
2014-10-22 03:30:00	102	0
2014-10-22 03:45:00	102	0
2014-10-22 04:00:00	102	0
2014-10-22 04:15:00	102	0
2014-10-22 04:30:00	102	0
2014-10-21 23:45:00	102	12
2014-10-22 01:00:00	103	27
2014-10-22 01:15:00	103	17
2014-10-22 01:30:00	103	7
2014-10-22 03:45:00	103	3
2014-10-22 04:00:00	103	3
2014-10-22 04:15:00	103	3
2014-10-21 23:45:00	103	70
2014-10-22 00:00:00	103	63
2014-10-22 00:15:00	103	51
2014-10-22 01:00:00	104	27
2014-10-22 01:15:00	104	20
2014-10-22 03:45:00	104	5
2014-10-22 04:00:00	104	4
2014-10-22 04:15:00	104	4
2014-10-22 00:00:00	104	44
2014-10-22 00:15:00	104	42
2014-10-22 01:15:00	105	12
2014-10-22 03:30:00	105	4
2014-10-22 03:45:00	105	4
2014-10-22 04:00:00	105	4
2014-10-22 04:15:00	105	4
2014-10-22 00:00:00	105	32
2014-10-22 00:15:00	105	29
2014-10-22 01:00:00	106	27
2014-10-22 01:15:00	106	17
2014-10-22 01:30:00	106	5
2014-10-22 03:30:00	106	3
2014-10-22 03:45:00	106	0
2014-10-22 04:00:00	106	0
2014-10-22 04:15:00	106	0
2014-10-22 01:15:00	107	8
2014-10-22 03:45:00	107	1
2014-10-22 04:00:00	107	1
2014-10-22 04:15:00	107	2
2014-10-22 00:00:00	107	30
2014-10-22 00:15:00	107	27
2014-10-22 01:15:00	110	4
2014-10-22 03:30:00	110	3
2014-10-22 03:45:00	110	3
2014-10-22 04:00:00	110	3
2014-10-22 04:15:00	110	3
2014-10-22 00:00:00	110	32
2014-10-22 00:15:00	110	6
2014-10-22 01:00:00	111	1
2014-10-22 01:15:00	111	0
2014-10-22 03:30:00	111	0
2014-10-22 03:45:00	111	0
2014-10-22 04:00:00	111	0
2014-10-22 04:15:00	111	0
2014-10-22 00:00:00	111	133
2014-10-22 00:15:00	111	67
2014-10-22 01:00:00	116	372
2014-10-22 01:15:00	116	347
2014-10-22 03:45:00	116	125
2014-10-22 04:00:00	116	99
2014-10-22 04:15:00	116	87
2014-10-21 23:45:00	116	435
2014-10-22 00:00:00	116	438
2014-10-22 00:15:00	116	420
2014-10-21 17:00:00	155	9
2014-10-22 01:45:00	155	4
2014-10-22 02:00:00	155	4
2014-10-22 02:15:00	155	4
2014-10-22 03:00:00	155	2
2014-10-22 03:15:00	155	2
2014-10-21 17:00:00	125	10
2014-10-21 17:45:00	125	11
2014-10-22 01:30:00	125	1
2014-10-22 01:45:00	125	1
2014-10-22 02:00:00	125	1
2014-10-22 02:15:00	125	1
2014-10-22 02:45:00	125	1
2014-10-22 00:30:00	96	15
2014-10-21 17:00:00	96	640
2014-10-21 17:15:00	96	620
2014-10-22 01:30:00	96	8
2014-10-22 01:45:00	96	6
2014-10-22 02:00:00	96	5
2014-10-22 02:15:00	96	6
2014-10-22 02:30:00	96	6
2014-10-22 00:30:00	98	6
2014-10-21 17:00:00	98	110
2014-10-21 17:15:00	98	116
2014-10-21 17:45:00	98	144
2014-10-22 01:30:00	98	4
2014-10-22 01:45:00	98	3
2014-10-22 02:00:00	98	5
2014-10-22 02:15:00	98	3
2014-10-22 02:30:00	98	5
2014-10-22 03:00:00	98	2
2014-10-21 17:00:00	100	123
2014-10-21 17:15:00	100	131
2014-10-22 01:30:00	100	40
2014-10-22 01:45:00	100	28
2014-10-22 02:00:00	100	20
2014-10-22 02:15:00	100	28
2014-10-22 02:30:00	100	23
2014-10-22 03:00:00	100	16
2014-10-22 00:15:00	102	9
2014-10-21 17:00:00	102	8
2014-10-22 01:30:00	102	0
2014-10-22 01:45:00	102	0
2014-10-22 02:00:00	102	0
2014-10-22 02:15:00	102	0
2014-10-22 02:45:00	102	0
2014-10-22 03:15:00	102	0
2014-10-21 17:00:00	103	96
2014-10-21 17:15:00	103	88
2014-10-22 01:45:00	103	4
2014-10-22 02:00:00	103	4
2014-10-22 02:15:00	103	6
2014-10-22 02:30:00	103	4
2014-10-22 02:45:00	103	5
2014-10-22 03:00:00	103	2
2014-10-21 17:15:00	104	126
2014-10-22 01:30:00	104	14
2014-10-22 01:45:00	104	11
2014-10-22 02:00:00	104	8
2014-10-22 02:15:00	104	7
2014-10-22 02:30:00	104	5
2014-10-22 03:00:00	104	8
2014-10-22 03:15:00	104	4
2014-10-21 17:00:00	105	110
2014-10-22 01:30:00	105	8
2014-10-22 01:45:00	105	5
2014-10-22 06:45:00	105	4
2014-10-22 02:00:00	105	6
2014-10-22 02:15:00	105	7
2014-10-22 02:30:00	105	8
2014-10-21 17:00:00	106	62
2014-10-22 01:45:00	106	3
2014-10-22 02:00:00	106	2
2014-10-22 02:15:00	106	2
2014-10-22 03:15:00	106	2
2014-10-21 17:00:00	107	22
2014-10-21 17:15:00	107	17
2014-10-22 01:30:00	107	4
2014-10-22 01:45:00	107	4
2014-10-22 02:00:00	107	5
2014-10-22 02:15:00	107	5
2014-10-22 02:30:00	107	3
2014-10-22 02:45:00	107	3
2014-10-22 00:30:00	110	4
2014-10-21 17:00:00	110	104
2014-10-21 17:15:00	110	105
2014-10-21 17:45:00	110	98
2014-10-22 01:30:00	110	4
2014-10-22 01:45:00	110	4
2014-10-22 02:00:00	110	4
2014-10-22 02:15:00	110	4
2014-10-22 02:30:00	110	4
2014-10-21 17:00:00	111	432
2014-10-22 01:45:00	111	1
2014-10-22 02:00:00	111	0
2014-10-22 02:15:00	111	0
2014-10-22 03:00:00	111	0
2014-10-22 03:15:00	111	0
2014-10-21 17:00:00	116	447
2014-10-21 17:15:00	116	454
2014-10-22 01:30:00	116	339
2014-10-22 01:45:00	116	311
2014-10-22 02:00:00	116	299
2014-10-22 02:15:00	116	274
2014-10-22 02:30:00	116	217
2014-10-22 03:00:00	116	180
2014-10-22 04:45:00	155	0
2014-10-22 05:00:00	155	0
2014-10-22 05:15:00	155	0
2014-10-22 05:30:00	155	0
2014-10-22 05:45:00	155	0
2014-10-22 06:00:00	155	1
2014-10-22 06:15:00	155	2
2014-10-22 06:30:00	155	1
2014-10-22 04:45:00	125	1
2014-10-22 05:00:00	125	1
2014-10-22 05:15:00	125	1
2014-10-22 05:30:00	125	1
2014-10-22 05:45:00	125	1
2014-10-22 06:00:00	125	1
2014-10-22 06:15:00	125	2
2014-10-22 06:30:00	125	3
2014-10-22 03:30:00	96	6
2014-10-22 04:45:00	96	8
2014-10-22 05:00:00	96	7
2014-10-22 05:15:00	96	7
2014-10-22 05:30:00	96	7
2014-10-22 05:45:00	96	8
2014-10-22 06:00:00	96	9
2014-10-22 04:30:00	98	3
2014-10-22 04:45:00	98	3
2014-10-22 05:00:00	98	3
2014-10-22 05:15:00	98	3
2014-10-22 05:30:00	98	4
2014-10-22 05:45:00	98	4
2014-10-22 06:00:00	98	3
2014-10-22 03:15:00	100	14
2014-10-22 03:30:00	100	1
2014-10-22 04:30:00	100	1
2014-10-22 04:45:00	100	1
2014-10-22 05:00:00	100	1
2014-10-22 05:15:00	100	1
2014-10-22 05:30:00	100	1
2014-10-22 04:45:00	102	0
2014-10-22 05:00:00	102	1
2014-10-22 05:15:00	102	2
2014-10-22 05:30:00	102	1
2014-10-22 05:45:00	102	0
2014-10-22 06:00:00	102	0
2014-10-22 06:30:00	102	2
2014-10-22 03:15:00	103	2
2014-10-22 03:30:00	103	6
2014-10-22 04:45:00	103	4
2014-10-22 05:00:00	103	5
2014-10-22 05:15:00	103	5
2014-10-22 05:30:00	103	4
2014-10-22 05:45:00	103	3
2014-10-22 06:00:00	103	3
2014-10-22 06:15:00	103	3
2014-10-22 03:30:00	104	4
2014-10-22 04:45:00	104	4
2014-10-22 05:00:00	104	3
2014-10-22 05:15:00	104	3
2014-10-22 05:30:00	104	3
2014-10-22 05:45:00	104	3
2014-10-22 06:00:00	104	3
2014-10-22 06:15:00	104	3
2014-10-22 04:30:00	105	6
2014-10-22 04:45:00	105	4
2014-10-22 05:00:00	105	4
2014-10-22 05:15:00	105	4
2014-10-22 05:30:00	105	4
2014-10-22 05:45:00	105	7
2014-10-22 06:15:00	105	6
2014-10-22 04:45:00	106	0
2014-10-22 05:00:00	106	0
2014-10-22 05:15:00	106	0
2014-10-22 05:30:00	106	0
2014-10-22 05:45:00	106	0
2014-10-22 06:00:00	106	0
2014-10-22 06:15:00	106	2
2014-10-22 03:30:00	107	1
2014-10-22 04:45:00	107	1
2014-10-22 05:00:00	107	2
2014-10-22 05:15:00	107	3
2014-10-22 05:30:00	107	1
2014-10-22 05:45:00	107	3
2014-10-22 04:30:00	110	3
2014-10-22 04:45:00	110	3
2014-10-22 05:00:00	110	3
2014-10-22 05:15:00	110	3
2014-10-22 05:30:00	110	3
2014-10-22 05:45:00	110	3
2014-10-22 06:00:00	110	3
2014-10-22 04:30:00	111	1
2014-10-22 04:45:00	111	1
2014-10-22 05:00:00	111	0
2014-10-22 05:15:00	111	0
2014-10-22 05:30:00	111	0
2014-10-22 05:45:00	111	0
2014-10-22 06:00:00	111	0
2014-10-22 06:15:00	111	1
2014-10-22 03:30:00	116	135
2014-10-22 04:45:00	116	82
2014-10-22 05:00:00	116	72
2014-10-22 05:15:00	116	66
2014-10-22 05:45:00	116	67
2014-10-22 06:00:00	116	69
2014-10-22 06:15:00	116	75
2014-10-22 04:30:00	117	78
2014-10-22 04:45:00	117	59
2014-10-22 05:00:00	117	59
2014-10-22 06:45:00	155	2
2014-10-22 07:00:00	155	2
2014-10-22 07:15:00	155	3
2014-10-22 07:30:00	155	2
2014-10-22 07:45:00	155	2
2014-10-22 08:00:00	155	0
2014-10-22 08:15:00	155	1
2014-10-22 06:45:00	125	5
2014-10-22 07:00:00	125	2
2014-10-22 07:15:00	125	1
2014-10-22 07:30:00	125	1
2014-10-22 07:45:00	125	2
2014-10-22 08:00:00	125	1
2014-10-22 08:15:00	125	2
2014-10-22 08:30:00	125	1
2014-10-22 06:30:00	96	6
2014-10-22 07:00:00	96	6
2014-10-22 07:15:00	96	9
2014-10-22 07:30:00	96	8
2014-10-22 07:45:00	96	9
2014-10-22 08:00:00	96	16
2014-10-22 08:15:00	96	15
2014-10-22 06:30:00	98	3
2014-10-22 06:45:00	98	4
2014-10-22 07:00:00	98	4
2014-10-22 07:15:00	98	4
2014-10-22 07:30:00	98	6
2014-10-22 07:45:00	98	7
2014-10-22 08:00:00	98	3
2014-10-22 06:30:00	100	1
2014-10-22 06:45:00	100	1
2014-10-22 07:00:00	100	1
2014-10-22 07:15:00	100	1
2014-10-22 07:30:00	100	1
2014-10-22 07:45:00	100	1
2014-10-22 08:00:00	100	2
2014-10-22 08:15:00	100	2
2014-10-22 06:45:00	102	4
2014-10-22 07:00:00	102	0
2014-10-22 07:15:00	102	1
2014-10-22 03:00:00	102	0
2014-10-22 07:30:00	102	2
2014-10-22 07:45:00	102	3
2014-10-22 08:00:00	102	1
2014-10-22 08:15:00	102	0
2014-10-22 08:30:00	102	1
2014-10-22 06:45:00	103	3
2014-10-22 07:00:00	103	7
2014-10-22 07:15:00	103	7
2014-10-22 07:30:00	103	6
2014-10-22 07:45:00	103	10
2014-10-22 08:00:00	103	14
2014-10-22 08:15:00	103	24
2014-10-22 08:30:00	103	18
2014-10-22 06:30:00	104	2
2014-10-22 06:45:00	104	5
2014-10-22 07:00:00	104	7
2014-10-22 07:15:00	104	7
2014-10-22 07:30:00	104	13
2014-10-22 07:45:00	104	18
2014-10-22 08:00:00	104	34
2014-10-22 06:30:00	105	6
2014-10-22 07:15:00	105	8
2014-10-22 07:30:00	105	7
2014-10-22 07:45:00	105	8
2014-10-22 08:00:00	105	7
2014-10-22 08:15:00	105	22
2014-10-22 08:30:00	105	18
2014-10-22 06:45:00	106	1
2014-10-22 07:00:00	106	2
2014-10-22 07:15:00	106	1
2014-10-22 07:45:00	106	3
2014-10-22 08:00:00	106	7
2014-10-22 08:15:00	106	6
2014-10-22 08:30:00	106	8
2014-10-22 06:30:00	107	6
2014-10-22 06:45:00	107	4
2014-10-22 07:00:00	107	6
2014-10-22 07:15:00	107	7
2014-10-22 07:30:00	107	4
2014-10-22 07:45:00	107	3
2014-10-22 08:00:00	107	6
2014-10-22 06:45:00	110	3
2014-10-22 07:00:00	110	4
2014-10-22 07:15:00	110	4
2014-10-22 07:30:00	110	6
2014-10-22 07:45:00	110	8
2014-10-22 08:00:00	110	6
2014-10-22 08:15:00	110	8
2014-10-22 08:30:00	110	7
2014-10-22 06:30:00	111	0
2014-10-22 06:45:00	111	1
2014-10-22 07:00:00	111	2
2014-10-22 07:15:00	111	1
2014-10-22 07:30:00	111	1
2014-10-22 07:45:00	111	1
2014-10-22 08:00:00	111	1
2014-10-22 06:30:00	116	77
2014-10-22 06:45:00	116	82
2014-10-22 07:00:00	116	86
2014-10-22 07:15:00	116	73
2014-10-22 07:30:00	116	33
2014-10-22 07:45:00	116	36
2014-10-22 08:00:00	116	46
2014-10-22 08:15:00	116	60
2014-10-22 08:30:00	116	69
2014-10-22 08:45:00	155	3
2014-10-22 09:00:00	155	4
2014-10-22 09:15:00	155	5
2014-10-22 09:30:00	155	6
2014-10-22 09:45:00	155	8
2014-10-22 10:00:00	155	4
2014-10-22 10:15:00	155	8
2014-10-22 10:30:00	155	5
2014-10-22 08:45:00	125	1
2014-10-22 09:00:00	125	4
2014-10-22 09:15:00	125	1
2014-10-22 09:30:00	125	3
2014-10-22 09:45:00	125	3
2014-10-22 10:00:00	125	5
2014-10-22 10:15:00	125	7
2014-10-22 10:30:00	125	8
2014-10-22 08:45:00	96	41
2014-10-22 09:00:00	96	54
2014-10-22 09:15:00	96	65
2014-10-22 09:30:00	96	113
2014-10-22 09:45:00	96	131
2014-10-22 10:00:00	96	185
2014-10-22 10:15:00	96	185
2014-10-22 08:45:00	98	10
2014-10-22 09:00:00	98	46
2014-10-22 09:15:00	98	56
2014-10-22 09:30:00	98	61
2014-10-22 09:45:00	98	57
2014-10-22 10:00:00	98	59
2014-10-22 10:15:00	98	69
2014-10-22 10:30:00	98	76
2014-10-22 08:45:00	100	7
2014-10-22 09:00:00	100	9
2014-10-22 09:15:00	100	13
2014-10-22 09:30:00	100	30
2014-10-22 09:45:00	100	40
2014-10-22 10:00:00	100	47
2014-10-22 10:15:00	100	56
2014-10-22 10:30:00	100	64
2014-10-22 08:45:00	102	5
2014-10-22 09:00:00	102	4
2014-10-22 09:15:00	102	5
2014-10-22 09:30:00	102	5
2014-10-22 09:45:00	102	7
2014-10-22 10:00:00	102	7
2014-10-22 10:15:00	102	8
2014-10-22 10:30:00	102	10
2014-10-22 08:45:00	103	26
2014-10-22 09:15:00	103	35
2014-10-22 09:30:00	103	36
2014-10-22 09:45:00	103	44
2014-10-22 10:00:00	103	73
2014-10-22 10:15:00	103	56
2014-10-22 10:30:00	103	60
2014-10-22 10:45:00	103	67
2014-10-22 08:45:00	104	50
2014-10-22 09:00:00	104	57
2014-10-22 09:15:00	104	53
2014-10-22 09:30:00	104	49
2014-10-22 09:45:00	104	61
2014-10-22 10:00:00	104	84
2014-10-22 10:15:00	104	106
2014-10-22 08:45:00	105	23
2014-10-22 09:00:00	105	31
2014-10-22 09:15:00	105	30
2014-10-22 07:00:00	105	4
2014-10-22 09:30:00	105	51
2014-10-22 09:45:00	105	61
2014-10-22 10:00:00	105	88
2014-10-22 10:15:00	105	73
2014-10-22 08:45:00	106	6
2014-10-22 09:00:00	106	10
2014-10-22 09:15:00	106	16
2014-10-22 09:30:00	106	48
2014-10-22 09:45:00	106	47
2014-10-22 10:00:00	106	51
2014-10-22 10:15:00	106	75
2014-10-22 08:45:00	107	13
2014-10-22 09:00:00	107	22
2014-10-22 09:15:00	107	29
2014-10-22 09:30:00	107	31
2014-10-22 09:45:00	107	33
2014-10-22 10:00:00	107	32
2014-10-22 10:15:00	107	30
2014-10-22 10:30:00	107	51
2014-10-22 08:45:00	110	6
2014-10-22 09:00:00	110	6
2014-10-22 09:15:00	110	8
2014-10-22 09:30:00	110	6
2014-10-22 09:45:00	110	14
2014-10-22 10:00:00	110	19
2014-10-22 10:15:00	110	23
2014-10-22 10:30:00	110	27
2014-10-22 08:45:00	111	2
2014-10-22 09:00:00	111	2
2014-10-22 09:15:00	111	6
2014-10-22 09:30:00	111	31
2014-10-22 09:45:00	111	42
2014-10-22 10:00:00	111	70
2014-10-22 10:15:00	111	93
2014-10-22 08:45:00	116	83
2014-10-22 09:00:00	116	104
2014-10-22 09:15:00	116	125
2014-10-22 09:30:00	116	132
2014-10-22 09:45:00	116	166
2014-10-22 10:00:00	116	211
2014-10-22 10:45:00	155	8
2014-10-22 11:00:00	155	7
2014-10-22 11:15:00	155	16
2014-10-22 11:30:00	155	39
2014-10-22 11:45:00	155	43
2014-10-22 12:00:00	155	68
2014-10-22 12:15:00	155	97
2014-10-22 10:45:00	125	11
2014-10-22 11:00:00	125	9
2014-10-22 11:15:00	125	11
2014-10-22 11:30:00	125	12
2014-10-22 11:45:00	125	11
2014-10-22 12:00:00	125	12
2014-10-22 12:15:00	125	12
2014-10-22 12:30:00	125	10
2014-10-22 12:45:00	125	10
2014-10-22 11:00:00	96	289
2014-10-22 11:15:00	96	351
2014-10-22 11:30:00	96	356
2014-10-22 11:45:00	96	376
2014-10-22 12:00:00	96	380
2014-10-22 12:15:00	96	380
2014-10-22 12:30:00	96	376
2014-10-22 12:45:00	96	416
2014-10-22 10:45:00	98	75
2014-10-22 11:00:00	98	75
2014-10-22 11:15:00	98	90
2014-10-22 11:30:00	98	83
2014-10-22 11:45:00	98	104
2014-10-22 12:00:00	98	121
2014-10-22 12:15:00	98	103
2014-10-22 11:00:00	100	91
2014-10-22 11:15:00	100	94
2014-10-22 11:30:00	100	93
2014-10-22 11:45:00	100	107
2014-10-22 12:00:00	100	92
2014-10-22 12:15:00	100	85
2014-10-22 12:30:00	100	91
2014-10-22 12:45:00	100	95
2014-10-22 10:45:00	102	9
2014-10-22 17:30:00	102	13
2014-10-22 11:15:00	102	12
2014-10-22 11:30:00	102	15
2014-10-22 12:00:00	102	13
2014-10-22 12:15:00	102	16
2014-10-22 12:30:00	102	13
2014-10-22 12:45:00	102	21
2014-10-22 11:00:00	103	74
2014-10-22 11:15:00	103	65
2014-10-22 11:30:00	103	61
2014-10-22 11:45:00	103	71
2014-10-22 12:00:00	103	81
2014-10-22 12:15:00	103	97
2014-10-22 12:30:00	103	82
2014-10-22 11:00:00	104	105
2014-10-22 14:30:00	104	144
2014-10-22 11:15:00	104	83
2014-10-22 11:30:00	104	106
2014-10-22 11:45:00	104	111
2014-10-22 12:00:00	104	128
2014-10-22 12:15:00	104	147
2014-10-22 10:45:00	105	97
2014-10-22 11:00:00	105	122
2014-10-22 11:15:00	105	100
2014-10-22 11:30:00	105	110
2014-10-22 11:45:00	105	104
2014-10-22 12:00:00	105	114
2014-10-22 12:15:00	105	154
2014-10-22 12:30:00	105	140
2014-10-22 11:00:00	106	49
2014-10-22 11:15:00	106	46
2014-10-22 11:30:00	106	55
2014-10-22 11:45:00	106	57
2014-10-22 12:00:00	106	59
2014-10-22 12:15:00	106	56
2014-10-22 10:45:00	106	49
2014-10-22 12:30:00	106	59
2014-10-22 11:00:00	107	62
2014-10-22 11:15:00	107	76
2014-10-22 11:30:00	107	96
2014-10-22 11:45:00	107	96
2014-10-22 12:00:00	107	108
2014-10-22 00:30:00	107	21
2014-10-22 12:15:00	107	125
2014-10-22 12:30:00	107	112
2014-10-22 12:45:00	107	112
2014-10-22 10:45:00	110	28
2014-10-22 11:00:00	110	43
2014-10-22 11:15:00	110	44
2014-10-22 11:30:00	110	47
2014-10-22 11:45:00	110	53
2014-10-22 12:00:00	110	42
2014-10-22 12:15:00	110	45
2014-10-22 12:30:00	110	57
2014-10-22 10:45:00	111	140
2014-10-22 11:00:00	111	179
2014-10-22 11:15:00	111	208
2014-10-22 11:30:00	111	228
2014-10-22 11:45:00	111	226
2014-10-22 12:00:00	111	259
2014-10-22 12:15:00	111	263
2014-10-22 12:30:00	111	272
2014-10-22 11:00:00	116	306
2014-10-22 11:15:00	116	313
2014-10-22 11:30:00	116	324
2014-10-22 11:45:00	116	329
2014-10-22 13:00:00	155	98
2014-10-22 13:15:00	155	139
2014-10-22 13:30:00	155	129
2014-10-22 13:45:00	155	120
2014-10-22 14:00:00	155	96
2014-10-22 14:15:00	155	68
2014-10-22 14:30:00	155	33
2014-10-22 14:45:00	155	21
2014-10-22 13:00:00	125	17
2014-10-22 13:15:00	125	14
2014-10-21 18:00:00	125	15
2014-10-22 13:30:00	125	15
2014-10-22 13:45:00	125	14
2014-10-22 14:00:00	125	15
2014-10-22 14:15:00	125	15
2014-10-22 14:30:00	125	11
2014-10-22 13:00:00	96	491
2014-10-22 13:15:00	96	517
2014-10-22 13:30:00	96	562
2014-10-22 13:45:00	96	568
2014-10-22 14:00:00	96	635
2014-10-22 14:15:00	96	630
2014-10-22 14:30:00	96	586
2014-10-22 14:45:00	96	555
2014-10-22 13:00:00	98	96
2014-10-22 13:15:00	98	89
2014-10-22 13:30:00	98	137
2014-10-22 13:45:00	98	95
2014-10-22 14:00:00	98	102
2014-10-22 14:15:00	98	106
2014-10-22 14:30:00	98	118
2014-10-22 14:45:00	98	134
2014-10-22 13:00:00	100	102
2014-10-22 13:15:00	100	109
2014-10-22 13:30:00	100	100
2014-10-22 13:45:00	100	96
2014-10-22 14:00:00	100	113
2014-10-22 14:15:00	100	104
2014-10-22 14:30:00	100	104
2014-10-22 13:00:00	102	18
2014-10-22 11:45:00	102	14
2014-10-22 13:15:00	102	18
2014-10-22 13:30:00	102	17
2014-10-22 13:45:00	102	11
2014-10-22 14:00:00	102	8
2014-10-22 14:15:00	102	9
2014-10-22 14:30:00	102	9
2014-10-22 13:00:00	103	99
2014-10-22 13:15:00	103	141
2014-10-22 13:30:00	103	120
2014-10-22 13:45:00	103	118
2014-10-22 14:00:00	103	106
2014-10-22 14:15:00	103	94
2014-10-22 14:30:00	103	120
2014-10-22 15:00:00	103	121
2014-10-22 13:00:00	104	154
2014-10-22 13:15:00	104	207
2014-10-22 13:30:00	104	194
2014-10-22 13:45:00	104	169
2014-10-22 14:00:00	104	137
2014-10-22 14:15:00	104	117
2014-10-22 14:45:00	104	142
2014-10-22 13:00:00	105	139
2014-10-22 13:15:00	105	144
2014-10-22 13:30:00	105	130
2014-10-22 13:45:00	105	194
2014-10-22 14:00:00	105	167
2014-10-22 14:15:00	105	134
2014-10-22 13:00:00	106	56
2014-10-22 13:15:00	106	57
2014-10-22 13:30:00	106	58
2014-10-22 13:45:00	106	54
2014-10-22 14:00:00	106	55
2014-10-22 14:15:00	106	49
2014-10-22 14:30:00	106	72
2014-10-22 14:45:00	106	60
2014-10-22 13:00:00	107	104
2014-10-22 13:15:00	107	125
2014-10-22 13:30:00	107	134
2014-10-22 13:45:00	107	111
2014-10-22 14:00:00	107	149
2014-10-22 14:15:00	107	148
2014-10-22 14:30:00	107	141
2014-10-22 13:00:00	110	60
2014-10-22 13:15:00	110	62
2014-10-22 13:30:00	110	63
2014-10-22 13:45:00	110	78
2014-10-22 14:00:00	110	88
2014-10-22 14:15:00	110	92
2014-10-22 14:30:00	110	76
2014-10-22 14:45:00	110	77
2014-10-22 12:45:00	111	317
2014-10-22 13:00:00	111	321
2014-10-22 13:15:00	111	320
2014-10-22 13:30:00	111	302
2014-10-22 13:45:00	111	325
2014-10-22 14:00:00	111	336
2014-10-22 14:15:00	111	338
2014-10-22 13:00:00	116	440
2014-10-22 13:15:00	116	470
2014-10-22 15:30:00	116	477
2014-10-22 13:30:00	116	440
2014-10-22 13:45:00	116	448
2014-10-22 14:00:00	116	457
2014-10-22 14:15:00	116	456
2014-10-22 14:30:00	116	502
2014-10-22 15:00:00	155	17
2014-10-22 15:15:00	155	12
2014-10-22 15:30:00	155	19
2014-10-22 15:45:00	155	21
2014-10-22 16:00:00	155	15
2014-10-22 16:15:00	155	17
2014-10-22 16:30:00	155	13
2014-10-22 15:00:00	125	10
2014-10-22 15:15:00	125	9
2014-10-22 15:30:00	125	7
2014-10-22 15:45:00	125	9
2014-10-22 16:00:00	125	11
2014-10-22 16:15:00	125	11
2014-10-22 16:30:00	125	10
2014-10-22 16:45:00	125	16
2014-10-22 15:15:00	96	608
2014-10-22 15:30:00	96	624
2014-10-22 15:45:00	96	647
2014-10-22 16:00:00	96	640
2014-10-22 16:15:00	96	616
2014-10-22 16:30:00	96	651
2014-10-22 16:45:00	96	662
2014-10-22 17:00:00	96	649
2014-10-22 15:00:00	98	126
2014-10-22 15:15:00	98	143
2014-10-22 15:30:00	98	125
2014-10-22 15:45:00	98	132
2014-10-22 16:00:00	98	126
2014-10-22 16:15:00	98	129
2014-10-22 16:30:00	98	127
2014-10-22 15:00:00	100	110
2014-10-22 15:15:00	100	114
2014-10-22 15:30:00	100	109
2014-10-22 15:45:00	100	129
2014-10-22 16:00:00	100	115
2014-10-22 16:15:00	100	126
2014-10-22 16:30:00	100	120
2014-10-22 16:45:00	100	129
2014-10-22 15:00:00	102	9
2014-10-22 15:15:00	102	9
2014-10-21 18:00:00	102	7
2014-10-22 15:30:00	102	7
2014-10-22 15:45:00	102	11
2014-10-22 16:00:00	102	11
2014-10-22 16:15:00	102	10
2014-10-22 16:30:00	102	17
2014-10-22 15:15:00	103	94
2014-10-22 15:30:00	103	102
2014-10-22 15:45:00	103	96
2014-10-22 16:00:00	103	109
2014-10-22 16:15:00	103	111
2014-10-22 16:30:00	103	115
2014-10-22 16:45:00	103	87
2014-10-22 17:00:00	103	83
2014-10-22 15:00:00	104	181
2014-10-22 15:15:00	104	136
2014-10-22 15:30:00	104	123
2014-10-22 15:45:00	104	127
2014-10-22 16:00:00	104	131
2014-10-22 16:15:00	104	129
2014-10-22 16:30:00	104	129
2014-10-22 16:45:00	104	128
2014-10-22 15:00:00	105	157
2014-10-22 15:15:00	105	158
2014-10-22 15:30:00	105	134
2014-10-22 15:45:00	105	105
2014-10-22 16:00:00	105	111
2014-10-22 16:15:00	105	96
2014-10-22 16:45:00	105	95
2014-10-22 15:00:00	106	67
2014-10-22 15:15:00	106	64
2014-10-22 15:30:00	106	73
2014-10-22 15:45:00	106	72
2014-10-22 16:00:00	106	73
2014-10-22 16:15:00	106	68
2014-10-22 16:30:00	106	92
2014-10-22 16:45:00	106	86
2014-10-22 15:15:00	107	138
2014-10-22 15:30:00	107	129
2014-10-22 15:45:00	107	134
2014-10-22 16:00:00	107	141
2014-10-22 16:15:00	107	136
2014-10-22 16:30:00	107	105
2014-10-22 16:45:00	107	75
2014-10-22 17:00:00	107	80
2014-10-22 15:00:00	110	93
2014-10-22 15:15:00	110	95
2014-10-22 15:30:00	110	110
2014-10-22 15:45:00	110	108
2014-10-22 16:00:00	110	112
2014-10-22 16:15:00	110	117
2014-10-22 16:30:00	110	101
2014-10-22 15:00:00	111	391
2014-10-22 15:15:00	111	403
2014-10-22 15:30:00	111	429
2014-10-22 15:45:00	111	439
2014-10-22 16:00:00	111	443
2014-10-22 16:15:00	111	416
2014-10-22 16:30:00	111	404
2014-10-22 16:45:00	111	402
2014-10-22 15:00:00	116	491
2014-10-22 15:15:00	116	456
2014-10-22 15:45:00	116	494
2014-10-22 16:00:00	116	479
2014-10-22 16:15:00	116	497
2014-10-22 16:30:00	116	435
2014-10-21 20:15:00	192	40
2014-10-21 20:30:00	192	40
2014-10-21 20:45:00	192	44
2014-10-21 21:00:00	192	52
2014-10-21 21:15:00	192	42
2014-10-21 21:30:00	192	46
2014-10-21 21:45:00	192	64
2014-10-21 22:00:00	192	62
2014-10-21 22:15:00	192	43
2014-10-21 22:30:00	192	42
2014-10-21 22:45:00	192	38
2014-10-21 23:00:00	192	51
2014-10-21 23:15:00	192	55
2014-10-21 23:30:00	192	51
2014-10-22 00:30:00	192	63
2014-10-22 00:45:00	192	63
2014-10-21 18:00:00	192	43
2014-10-22 01:00:00	192	60
2014-10-22 01:15:00	192	50
2014-10-22 01:30:00	192	6
2014-10-22 03:45:00	192	1
2014-10-22 04:00:00	192	1
2014-10-22 04:15:00	192	1
2014-10-21 23:45:00	192	56
2014-10-22 00:00:00	192	66
2014-10-22 00:15:00	192	58
2014-10-21 17:00:00	192	29
2014-10-21 17:15:00	192	12
2014-10-22 01:45:00	192	3
2014-10-22 02:00:00	192	3
2014-10-22 02:15:00	192	3
2014-10-22 02:30:00	192	1
2014-10-22 02:45:00	192	2
2014-10-22 03:00:00	192	2
2014-10-22 03:30:00	192	2
2014-10-22 04:45:00	192	1
2014-10-22 05:00:00	192	1
2014-10-22 05:15:00	192	1
2014-10-22 05:30:00	192	1
2014-10-22 05:45:00	192	1
2014-10-22 06:00:00	192	1
2014-10-22 06:15:00	192	1
2014-10-22 06:30:00	192	1
2014-10-22 06:45:00	192	1
2014-10-22 07:00:00	192	1
2014-10-22 07:15:00	192	4
2014-10-22 07:30:00	192	3
2014-10-22 07:45:00	192	3
2014-10-22 08:00:00	192	3
2014-10-22 08:15:00	192	5
2014-10-22 08:30:00	192	4
2014-10-22 08:45:00	192	4
2014-10-22 09:00:00	192	5
2014-10-22 09:15:00	192	9
2014-10-22 09:30:00	192	6
2014-10-22 09:45:00	192	8
2014-10-22 10:00:00	192	6
2014-10-22 10:15:00	192	7
2014-10-22 10:30:00	192	7
2014-10-22 10:45:00	192	8
2014-10-22 11:00:00	192	10
2014-10-22 11:15:00	192	10
2014-10-22 11:30:00	192	11
2014-10-22 11:45:00	192	11
2014-10-22 12:00:00	192	25
2014-10-22 12:15:00	192	18
2014-10-22 12:30:00	192	18
2014-10-22 12:45:00	192	40
2014-10-22 13:00:00	192	35
2014-10-22 13:15:00	192	41
2014-10-22 13:30:00	192	51
2014-10-22 13:45:00	192	41
2014-10-22 14:00:00	192	34
2014-10-22 14:15:00	192	27
2014-10-22 14:30:00	192	24
2014-10-22 14:45:00	192	26
2014-10-22 15:00:00	192	43
2014-10-22 15:15:00	192	37
2014-10-22 15:30:00	192	33
2014-10-22 15:45:00	192	31
2014-10-22 16:00:00	192	21
2014-10-22 16:15:00	192	21
2014-10-22 16:30:00	192	21
2014-10-22 17:00:00	192	22
2014-10-22 17:15:00	192	11
2014-10-22 17:30:00	192	21
2014-10-21 22:00:00	155	4
2014-10-21 23:45:00	155	8
2014-10-22 00:00:00	155	6
2014-10-21 18:00:00	155	90
2014-10-22 00:15:00	155	8
2014-10-22 08:30:00	155	3
2014-10-22 12:30:00	155	85
2014-10-22 12:45:00	155	87
2014-10-22 16:45:00	155	10
2014-10-22 17:00:00	155	9
2014-10-22 17:15:00	155	14
2014-10-22 17:30:00	155	39
2014-10-22 03:00:00	125	1
2014-10-22 03:15:00	125	1
2014-10-22 14:45:00	125	10
2014-10-22 17:00:00	125	12
2014-10-22 17:15:00	125	10
2014-10-22 17:30:00	125	9
2014-10-22 00:45:00	96	12
2014-10-22 01:00:00	96	11
2014-10-22 02:45:00	96	8
2014-10-22 03:00:00	96	5
2014-10-22 03:15:00	96	6
2014-10-22 06:15:00	96	7
2014-10-22 08:30:00	96	32
2014-10-22 06:45:00	96	7
2014-10-22 10:30:00	96	205
2014-10-22 10:45:00	96	254
2014-10-22 15:00:00	96	581
2014-10-22 17:15:00	96	638
2014-10-22 17:30:00	96	598
2014-10-21 21:15:00	98	91
2014-10-21 21:30:00	98	84
2014-10-21 21:45:00	98	103
2014-10-22 01:00:00	98	6
2014-10-22 03:15:00	98	3
2014-10-22 06:15:00	98	3
2014-10-22 08:15:00	98	3
2014-10-22 08:30:00	98	6
2014-10-22 12:30:00	98	81
2014-10-22 12:45:00	98	80
2014-10-22 16:45:00	98	107
2014-10-22 17:00:00	98	118
2014-10-22 17:15:00	98	108
2014-10-22 17:30:00	98	95
2014-10-21 22:00:00	100	82
2014-10-22 05:45:00	100	1
2014-10-22 06:00:00	100	1
2014-10-22 06:15:00	100	2
2014-10-22 08:30:00	100	4
2014-10-22 10:45:00	100	81
2014-10-22 14:45:00	100	110
2014-10-22 17:00:00	100	122
2014-10-22 17:15:00	100	117
2014-10-22 17:30:00	100	110
2014-10-22 00:45:00	102	8
2014-10-22 00:00:00	102	13
2014-10-22 14:45:00	102	8
2014-10-22 17:15:00	102	27
2014-10-22 17:15:00	103	103
2014-10-22 17:30:00	103	99
2014-10-22 17:00:00	104	106
2014-10-22 17:15:00	104	97
2014-10-22 17:30:00	104	108
2014-10-22 17:15:00	105	107
2014-10-22 17:30:00	105	99
2014-10-22 17:15:00	106	107
2014-10-22 17:30:00	106	109
2014-10-22 17:15:00	107	66
2014-10-22 17:30:00	107	62
2014-10-22 17:15:00	110	116
2014-10-22 17:30:00	110	123
2014-10-22 17:00:00	111	424
2014-10-22 17:15:00	111	430
2014-10-22 17:00:00	116	444
2014-10-22 17:15:00	116	457
2014-10-22 17:15:00	117	344
2014-10-22 17:30:00	117	341
2014-10-22 17:15:00	119	229
2014-10-22 17:30:00	119	206
2014-10-22 17:15:00	120	91
2014-10-22 17:30:00	120	97
2014-10-22 17:00:00	121	157
2014-10-22 17:15:00	121	152
2014-10-22 17:30:00	121	147
2014-10-22 17:00:00	122	16
2014-10-22 17:15:00	122	17
2014-10-22 17:15:00	126	160
2014-10-22 17:30:00	126	156
2014-10-22 17:00:00	127	110
2014-10-22 17:15:00	127	111
2014-10-22 17:30:00	127	105
2014-10-22 16:45:00	102	33
2014-10-22 17:00:00	102	23
2014-10-21 21:00:00	103	97
2014-10-21 18:00:00	103	90
2014-10-22 12:45:00	103	96
2014-10-21 22:00:00	104	47
2014-10-22 08:15:00	104	38
2014-10-22 08:30:00	104	44
2014-10-22 10:30:00	104	110
2014-10-22 10:45:00	104	110
2014-10-22 12:30:00	104	129
2014-10-22 12:45:00	104	167
2014-10-21 23:30:00	105	41
2014-10-22 00:45:00	105	19
2014-10-22 01:00:00	105	12
2014-10-22 03:00:00	105	4
2014-10-22 03:15:00	105	5
2014-10-22 10:30:00	105	104
2014-10-22 12:45:00	105	151
2014-10-22 14:30:00	105	120
2014-10-22 14:45:00	105	116
2014-10-22 17:00:00	105	96
2014-10-22 04:30:00	106	0
2014-10-21 23:45:00	106	47
2014-10-22 00:00:00	106	44
2014-10-21 18:00:00	106	58
2014-10-22 00:15:00	106	36
2014-10-22 12:45:00	106	67
2014-10-22 17:00:00	106	87
2014-10-21 17:45:00	107	34
2014-10-22 01:00:00	107	12
2014-10-22 03:00:00	107	1
2014-10-22 03:15:00	107	2
2014-10-22 06:00:00	107	2
2014-10-22 06:15:00	107	3
2014-10-22 08:15:00	107	9
2014-10-22 08:30:00	107	14
2014-10-22 10:45:00	107	54
2014-10-22 14:45:00	107	144
2014-10-22 15:00:00	107	147
2014-10-21 21:15:00	110	49
2014-10-21 21:30:00	110	63
2014-10-21 21:45:00	110	55
2014-10-22 00:45:00	110	4
2014-10-22 01:00:00	110	4
2014-10-22 03:00:00	110	3
2014-10-22 03:15:00	110	3
2014-10-22 06:15:00	110	4
2014-10-22 06:30:00	110	3
2014-10-22 12:45:00	110	59
2014-10-22 16:45:00	110	105
2014-10-22 17:00:00	110	116
2014-10-22 00:45:00	111	0
2014-10-22 08:15:00	111	2
2014-10-22 08:30:00	111	2
2014-10-22 10:30:00	111	137
2014-10-22 14:30:00	111	320
2014-10-22 14:45:00	111	335
2014-10-22 17:30:00	111	426
2014-10-22 03:15:00	116	148
2014-10-22 10:15:00	116	210
2014-10-22 10:30:00	116	247
2014-10-22 10:45:00	116	260
2014-10-22 12:00:00	116	344
2014-10-22 12:15:00	116	397
2014-10-22 12:30:00	116	395
2014-10-22 12:45:00	116	433
2014-10-22 14:45:00	116	467
2014-10-22 16:45:00	116	446
2014-10-22 17:30:00	116	439
2014-10-21 19:45:00	117	279
2014-10-21 20:00:00	117	272
2014-10-21 20:15:00	117	297
2014-10-21 20:30:00	117	325
2014-10-21 20:45:00	117	299
2014-10-21 21:00:00	117	362
2014-10-21 21:15:00	117	348
2014-10-21 21:30:00	117	357
2014-10-21 21:45:00	117	362
2014-10-21 22:00:00	117	352
2014-10-21 22:15:00	117	352
2014-10-21 22:30:00	117	350
2014-10-21 22:45:00	117	346
2014-10-21 23:00:00	117	373
2014-10-21 23:15:00	117	377
2014-10-21 23:30:00	117	389
2014-10-21 23:45:00	117	379
2014-10-22 00:45:00	117	328
2014-10-22 01:00:00	117	321
2014-10-22 01:15:00	117	303
2014-10-22 03:30:00	117	128
2014-10-22 03:45:00	117	89
2014-10-22 04:00:00	117	88
2014-10-22 04:15:00	117	77
2014-10-22 00:00:00	117	378
2014-10-22 00:15:00	117	353
2014-10-22 00:30:00	117	327
2014-10-21 17:00:00	117	349
2014-10-21 17:15:00	117	328
2014-10-21 17:45:00	117	300
2014-10-22 01:30:00	117	291
2014-10-22 01:45:00	117	284
2014-10-22 02:00:00	117	232
2014-10-22 02:15:00	117	218
2014-10-22 02:30:00	117	198
2014-10-22 03:00:00	117	151
2014-10-22 03:15:00	117	145
2014-10-22 05:15:00	117	62
2014-10-22 05:30:00	117	53
2014-10-22 05:45:00	117	44
2014-10-22 06:00:00	117	44
2014-10-22 06:15:00	117	45
2014-10-22 06:30:00	117	42
2014-10-22 06:45:00	117	40
2014-10-22 07:00:00	117	37
2014-10-22 07:15:00	117	38
2014-10-22 07:30:00	117	45
2014-10-22 07:45:00	117	35
2014-10-22 08:00:00	117	33
2014-10-22 08:15:00	117	41
2014-10-22 08:30:00	117	40
2014-10-22 08:45:00	117	51
2014-10-22 09:00:00	117	57
2014-10-22 09:15:00	117	61
2014-10-22 09:30:00	117	98
2014-10-22 09:45:00	117	109
2014-10-22 10:00:00	117	132
2014-10-22 10:30:00	117	166
2014-10-22 10:45:00	117	193
2014-10-22 11:00:00	117	231
2014-10-22 11:15:00	117	248
2014-10-22 11:30:00	117	261
2014-10-22 11:45:00	117	255
2014-10-22 12:00:00	117	230
2014-10-22 12:15:00	117	244
2014-10-22 12:30:00	117	249
2014-10-22 12:45:00	117	276
2014-10-22 13:00:00	117	266
2014-10-22 13:15:00	117	248
2014-10-22 13:30:00	117	281
2014-10-22 13:45:00	117	307
2014-10-22 14:00:00	117	309
2014-10-22 14:15:00	117	303
2014-10-22 14:30:00	117	352
2014-10-22 14:45:00	117	352
2014-10-22 15:00:00	117	355
2014-10-22 15:15:00	117	344
2014-10-21 18:00:00	117	299
2014-10-22 15:30:00	117	366
2014-10-22 15:45:00	117	360
2014-10-22 16:00:00	117	366
2014-10-22 16:15:00	117	366
2014-10-22 16:30:00	117	320
2014-10-22 16:45:00	117	333
2014-10-22 17:00:00	117	349
2014-10-21 20:15:00	119	274
2014-10-21 20:30:00	119	299
2014-10-21 20:45:00	119	278
2014-10-21 21:00:00	119	296
2014-10-21 21:15:00	119	287
2014-10-21 21:30:00	119	280
2014-10-21 21:45:00	119	300
2014-10-21 22:00:00	119	316
2014-10-21 22:15:00	119	309
2014-10-21 22:30:00	119	304
2014-10-21 22:45:00	119	317
2014-10-21 23:00:00	119	303
2014-10-21 23:15:00	119	274
2014-10-21 23:30:00	119	274
2014-10-22 00:30:00	119	257
2014-10-22 00:45:00	119	254
2014-10-22 01:00:00	119	229
2014-10-22 01:15:00	119	225
2014-10-22 03:30:00	119	91
2014-10-22 03:45:00	119	80
2014-10-22 04:00:00	119	81
2014-10-22 04:15:00	119	69
2014-10-22 04:30:00	119	57
2014-10-21 23:45:00	119	279
2014-10-22 00:00:00	119	278
2014-10-22 00:15:00	119	247
2014-10-21 17:00:00	119	241
2014-10-22 01:30:00	119	194
2014-10-22 01:45:00	119	186
2014-10-22 02:00:00	119	166
2014-10-22 02:15:00	119	148
2014-10-22 02:45:00	119	127
2014-10-22 03:00:00	119	109
2014-10-22 03:15:00	119	96
2014-10-22 04:45:00	119	52
2014-10-22 05:00:00	119	48
2014-10-22 05:15:00	119	36
2014-10-22 05:30:00	119	31
2014-10-22 05:45:00	119	26
2014-10-22 06:00:00	119	26
2014-10-22 06:15:00	119	7
2014-10-22 06:30:00	119	2
2014-10-22 06:45:00	119	4
2014-10-22 07:00:00	119	6
2014-10-22 07:15:00	119	13
2014-10-22 07:30:00	119	30
2014-10-22 07:45:00	119	39
2014-10-22 08:00:00	119	35
2014-10-22 08:15:00	119	44
2014-10-22 08:30:00	119	52
2014-10-22 08:45:00	119	55
2014-10-22 09:00:00	119	57
2014-10-22 09:15:00	119	56
2014-10-22 09:30:00	119	55
2014-10-22 09:45:00	119	59
2014-10-22 10:00:00	119	67
2014-10-22 10:15:00	119	66
2014-10-22 10:30:00	119	64
2014-10-22 10:45:00	119	69
2014-10-22 11:00:00	119	89
2014-10-22 11:15:00	119	101
2014-10-22 11:30:00	119	114
2014-10-22 11:45:00	119	116
2014-10-22 12:00:00	119	122
2014-10-22 12:15:00	119	122
2014-10-22 12:30:00	119	128
2014-10-22 12:45:00	119	152
2014-10-22 13:00:00	119	152
2014-10-22 13:15:00	119	151
2014-10-22 13:30:00	119	147
2014-10-22 13:45:00	119	154
2014-10-22 14:00:00	119	154
2014-10-22 14:15:00	119	169
2014-10-21 18:00:00	119	214
2014-10-22 14:30:00	119	185
2014-10-22 14:45:00	119	193
2014-10-22 15:00:00	119	217
2014-10-22 15:15:00	119	211
2014-10-22 15:30:00	119	216
2014-10-22 15:45:00	119	228
2014-10-22 16:00:00	119	231
2014-10-22 16:15:00	119	237
2014-10-22 16:30:00	119	227
2014-10-22 16:45:00	119	233
2014-10-22 17:00:00	119	230
2014-10-21 20:15:00	120	71
2014-10-21 20:30:00	120	61
2014-10-21 20:45:00	120	75
2014-10-21 21:00:00	120	92
2014-10-21 21:15:00	120	77
2014-10-21 21:30:00	120	74
2014-10-21 21:45:00	120	91
2014-10-21 22:00:00	120	83
2014-10-21 22:15:00	120	83
2014-10-21 22:45:00	120	66
2014-10-21 23:00:00	120	60
2014-10-21 23:15:00	120	25
2014-10-21 23:30:00	120	9
2014-10-22 00:30:00	120	7
2014-10-22 00:45:00	120	8
2014-10-21 22:30:00	120	76
2014-10-22 01:00:00	120	7
2014-10-22 01:15:00	120	12
2014-10-22 01:30:00	120	8
2014-10-22 03:45:00	120	7
2014-10-22 04:00:00	120	6
2014-10-22 04:15:00	120	6
2014-10-21 23:45:00	120	11
2014-10-22 00:00:00	120	10
2014-10-22 00:15:00	120	11
2014-10-21 18:00:00	120	94
2014-10-21 17:00:00	120	106
2014-10-21 17:15:00	120	110
2014-10-22 01:45:00	120	11
2014-10-22 02:00:00	120	9
2014-10-22 02:15:00	120	7
2014-10-22 02:30:00	120	8
2014-10-22 02:45:00	120	8
2014-10-22 03:00:00	120	6
2014-10-22 03:15:00	120	8
2014-10-22 03:30:00	120	6
2014-10-22 04:45:00	120	7
2014-10-22 05:00:00	120	6
2014-10-22 05:15:00	120	6
2014-10-22 05:30:00	120	5
2014-10-22 05:45:00	120	6
2014-10-22 06:00:00	120	5
2014-10-22 06:15:00	120	7
2014-10-22 06:30:00	120	6
2014-10-22 06:45:00	120	6
2014-10-22 07:00:00	120	8
2014-10-22 07:15:00	120	6
2014-10-22 07:30:00	120	7
2014-10-22 07:45:00	120	8
2014-10-22 08:00:00	120	4
2014-10-22 08:15:00	120	10
2014-10-22 08:30:00	120	7
2014-10-22 08:45:00	120	5
2014-10-22 09:00:00	120	8
2014-10-22 09:15:00	120	8
2014-10-22 09:30:00	120	19
2014-10-22 09:45:00	120	25
2014-10-22 10:00:00	120	41
2014-10-22 10:15:00	120	43
2014-10-22 10:30:00	120	53
2014-10-22 10:45:00	120	51
2014-10-22 11:00:00	120	49
2014-10-22 11:15:00	120	65
2014-10-22 11:30:00	120	54
2014-10-22 11:45:00	120	58
2014-10-22 12:00:00	120	53
2014-10-22 12:15:00	120	66
2014-10-22 12:30:00	120	69
2014-10-22 12:45:00	120	60
2014-10-22 13:00:00	120	61
2014-10-22 13:15:00	120	75
2014-10-22 13:30:00	120	75
2014-10-22 13:45:00	120	80
2014-10-22 14:00:00	120	73
2014-10-22 14:15:00	120	79
2014-10-22 14:30:00	120	82
2014-10-22 14:45:00	120	87
2014-10-22 15:00:00	120	87
2014-10-22 15:15:00	120	88
2014-10-22 15:30:00	120	96
2014-10-22 15:45:00	120	98
2014-10-22 16:00:00	120	102
2014-10-22 16:15:00	120	101
2014-10-22 16:30:00	120	92
2014-10-22 16:45:00	120	99
2014-10-22 17:00:00	120	99
2014-10-21 20:00:00	121	132
2014-10-21 20:15:00	121	141
2014-10-21 20:30:00	121	147
2014-10-21 20:45:00	121	147
2014-10-21 21:00:00	121	148
2014-10-21 21:15:00	121	146
2014-10-21 21:30:00	121	149
2014-10-21 21:45:00	121	166
2014-10-21 22:00:00	121	163
2014-10-21 22:15:00	121	167
2014-10-21 22:30:00	121	174
2014-10-21 22:45:00	121	158
2014-10-21 23:00:00	121	132
2014-10-21 23:15:00	121	36
2014-10-21 23:30:00	121	3
2014-10-22 00:30:00	121	2
2014-10-22 00:45:00	121	2
2014-10-22 01:00:00	121	2
2014-10-22 01:15:00	121	2
2014-10-22 03:45:00	121	2
2014-10-22 04:00:00	121	2
2014-10-22 04:15:00	121	1
2014-10-21 23:45:00	121	3
2014-10-22 00:00:00	121	1
2014-10-22 00:15:00	121	1
2014-10-21 17:00:00	121	157
2014-10-21 17:15:00	121	134
2014-10-22 01:30:00	121	2
2014-10-22 01:45:00	121	2
2014-10-22 02:00:00	121	2
2014-10-22 02:15:00	121	2
2014-10-22 02:30:00	121	2
2014-10-22 03:00:00	121	2
2014-10-22 03:15:00	121	3
2014-10-22 03:30:00	121	2
2014-10-22 04:30:00	121	1
2014-10-22 04:45:00	121	1
2014-10-22 05:00:00	121	1
2014-10-22 05:15:00	121	1
2014-10-22 05:30:00	121	1
2014-10-22 05:45:00	121	2
2014-10-22 06:00:00	121	1
2014-10-22 06:15:00	121	2
2014-10-22 06:45:00	121	3
2014-10-22 07:00:00	121	3
2014-10-22 07:15:00	121	3
2014-10-22 07:30:00	121	2
2014-10-22 07:45:00	121	2
2014-10-22 08:00:00	121	1
2014-10-22 08:15:00	121	4
2014-10-22 08:30:00	121	4
2014-10-22 08:45:00	121	2
2014-10-22 09:00:00	121	5
2014-10-22 09:15:00	121	4
2014-10-22 09:30:00	121	17
2014-10-22 09:45:00	121	19
2014-10-22 10:00:00	121	24
2014-10-22 10:15:00	121	28
2014-10-22 10:30:00	121	39
2014-10-22 10:45:00	121	40
2014-10-22 11:00:00	121	46
2014-10-22 11:30:00	121	52
2014-10-22 11:45:00	121	64
2014-10-22 12:00:00	121	59
2014-10-22 12:15:00	121	72
2014-10-22 12:30:00	121	71
2014-10-22 12:45:00	121	70
2014-10-22 13:00:00	121	69
2014-10-22 13:15:00	121	90
2014-10-22 13:30:00	121	95
2014-10-22 13:45:00	121	106
2014-10-22 14:00:00	121	114
2014-10-22 14:15:00	121	125
2014-10-22 14:30:00	121	134
2014-10-22 14:45:00	121	130
2014-10-22 15:00:00	121	137
2014-10-22 15:15:00	121	138
2014-10-22 15:30:00	121	154
2014-10-22 15:45:00	121	153
2014-10-22 16:00:00	121	157
2014-10-22 16:15:00	121	148
2014-10-22 16:30:00	121	143
2014-10-22 16:45:00	121	157
2014-10-21 20:00:00	122	30
2014-10-21 20:15:00	122	30
2014-10-21 20:30:00	122	37
2014-10-21 20:45:00	122	38
2014-10-21 21:00:00	122	46
2014-10-21 21:15:00	122	54
2014-10-21 21:30:00	122	49
2014-10-21 21:45:00	122	53
2014-10-21 22:00:00	122	47
2014-10-21 22:15:00	122	47
2014-10-21 22:30:00	122	44
2014-10-21 22:45:00	122	44
2014-10-21 23:00:00	122	38
2014-10-21 23:15:00	122	29
2014-10-21 23:30:00	122	25
2014-10-22 00:30:00	122	15
2014-10-22 00:45:00	122	17
2014-10-22 01:00:00	122	18
2014-10-22 01:15:00	122	15
2014-10-22 03:45:00	122	1
2014-10-22 04:00:00	122	0
2014-10-22 04:15:00	122	0
2014-10-21 23:45:00	122	21
2014-10-22 00:00:00	122	21
2014-10-22 00:15:00	122	13
2014-10-21 17:00:00	122	41
2014-10-21 17:15:00	122	36
2014-10-22 01:30:00	122	16
2014-10-22 01:45:00	122	19
2014-10-22 02:00:00	122	18
2014-10-22 02:15:00	122	15
2014-10-22 02:30:00	122	13
2014-10-22 03:00:00	122	12
2014-10-22 03:15:00	122	11
2014-10-22 03:30:00	122	5
2014-10-22 04:30:00	122	0
2014-10-22 04:45:00	122	0
2014-10-22 05:00:00	122	0
2014-10-22 05:30:00	122	0
2014-10-22 05:45:00	122	0
2014-10-22 06:00:00	122	0
2014-10-22 06:15:00	122	1
2014-10-22 06:30:00	122	2
2014-10-22 06:45:00	122	1
2014-10-22 07:00:00	122	1
2014-10-22 07:15:00	122	0
2014-10-22 07:30:00	122	0
2014-10-22 07:45:00	122	0
2014-10-22 08:00:00	122	0
2014-10-22 08:15:00	122	0
2014-10-22 08:30:00	122	2
2014-10-22 08:45:00	122	2
2014-10-22 09:00:00	122	2
2014-10-22 09:15:00	122	2
2014-10-22 09:30:00	122	8
2014-10-22 09:45:00	122	9
2014-10-22 10:00:00	122	8
2014-10-22 10:15:00	122	9
2014-10-22 10:30:00	122	9
2014-10-22 10:45:00	122	12
2014-10-22 11:00:00	122	12
2014-10-22 11:15:00	122	11
2014-10-22 11:30:00	122	18
2014-10-22 11:45:00	122	16
2014-10-22 12:00:00	122	15
2014-10-22 12:15:00	122	15
2014-10-22 12:30:00	122	15
2014-10-22 12:45:00	122	14
2014-10-22 13:00:00	122	20
2014-10-22 13:15:00	122	19
2014-10-22 13:30:00	122	19
2014-10-22 13:45:00	122	23
2014-10-22 14:00:00	122	25
2014-10-22 14:15:00	122	30
2014-10-22 14:30:00	122	28
2014-10-22 14:45:00	122	25
2014-10-22 15:00:00	122	21
2014-10-22 15:15:00	122	24
2014-10-22 15:30:00	122	27
2014-10-22 15:45:00	122	24
2014-10-22 16:00:00	122	34
2014-10-22 16:15:00	122	34
2014-10-22 16:30:00	122	26
2014-10-22 16:45:00	122	26
2014-10-22 17:30:00	122	18
2014-10-21 20:00:00	126	100
2014-10-21 20:15:00	126	101
2014-10-21 20:30:00	126	103
2014-10-21 20:45:00	126	96
2014-10-21 21:00:00	126	96
2014-10-21 21:15:00	126	88
2014-10-21 21:30:00	126	90
2014-10-21 21:45:00	126	80
2014-10-21 22:00:00	126	83
2014-10-21 22:15:00	126	80
2014-10-21 22:30:00	126	74
2014-10-21 22:45:00	126	70
2014-10-21 17:45:00	126	163
2014-10-21 23:00:00	126	60
2014-10-21 23:15:00	126	13
2014-10-21 23:30:00	126	9
2014-10-22 00:45:00	126	10
2014-10-22 01:00:00	126	7
2014-10-22 01:15:00	126	7
2014-10-22 03:30:00	126	6
2014-10-22 03:45:00	126	7
2014-10-22 04:00:00	126	8
2014-10-22 04:15:00	126	8
2014-10-22 00:00:00	126	8
2014-10-22 00:15:00	126	8
2014-10-21 17:00:00	126	198
2014-10-22 01:30:00	126	7
2014-10-22 01:45:00	126	7
2014-10-22 02:00:00	126	7
2014-10-22 02:15:00	126	6
2014-10-22 03:00:00	126	7
2014-10-22 03:15:00	126	6
2014-10-22 04:30:00	126	8
2014-10-22 04:45:00	126	7
2014-10-22 05:00:00	126	8
2014-10-22 05:15:00	126	8
2014-10-22 05:30:00	126	8
2014-10-22 05:45:00	126	7
2014-10-22 06:00:00	126	8
2014-10-22 06:15:00	126	10
2014-10-22 06:30:00	126	11
2014-10-22 06:45:00	126	8
2014-10-22 07:00:00	126	10
2014-10-22 07:15:00	126	9
2014-10-22 07:30:00	126	9
2014-10-22 07:45:00	126	9
2014-10-22 08:00:00	126	15
2014-10-22 08:15:00	126	15
2014-10-22 08:30:00	126	19
2014-10-22 08:45:00	126	20
2014-10-22 09:00:00	126	26
2014-10-22 09:15:00	126	43
2014-10-22 09:30:00	126	45
2014-10-22 09:45:00	126	47
2014-10-22 10:00:00	126	49
2014-10-22 10:15:00	126	65
2014-10-22 10:30:00	126	67
2014-10-22 10:45:00	126	83
2014-10-22 11:00:00	126	95
2014-10-22 11:15:00	126	84
2014-10-22 11:30:00	126	92
2014-10-22 11:45:00	126	105
2014-10-22 12:00:00	126	108
2014-10-22 12:15:00	126	121
2014-10-22 12:30:00	126	133
2014-10-22 12:45:00	126	147
2014-10-22 13:00:00	126	169
2014-10-22 13:15:00	126	155
2014-10-22 13:30:00	126	153
2014-10-22 13:45:00	126	138
2014-10-22 14:00:00	126	170
2014-10-22 14:15:00	126	152
2014-10-22 14:30:00	126	139
2014-10-22 14:45:00	126	161
2014-10-22 15:00:00	126	152
2014-10-22 15:15:00	126	155
2014-10-22 15:30:00	126	148
2014-10-22 15:45:00	126	154
2014-10-22 16:00:00	126	155
2014-10-22 16:15:00	126	147
2014-10-22 16:30:00	126	151
2014-10-22 16:45:00	126	155
2014-10-22 17:00:00	126	153
2014-10-21 20:00:00	127	49
2014-10-21 20:15:00	127	50
2014-10-21 20:30:00	127	52
2014-10-21 20:45:00	127	59
2014-10-21 21:00:00	127	56
2014-10-21 21:15:00	127	55
2014-10-21 21:30:00	127	56
2014-10-21 21:45:00	127	48
2014-10-21 22:00:00	127	49
2014-10-21 22:15:00	127	42
2014-10-21 22:30:00	127	38
2014-10-21 22:45:00	127	39
2014-10-21 23:00:00	127	39
2014-10-21 23:15:00	127	10
2014-10-21 23:30:00	127	3
2014-10-22 00:30:00	127	2
2014-10-22 00:45:00	127	3
2014-10-22 01:00:00	127	0
2014-10-22 01:15:00	127	1
2014-10-22 03:45:00	127	0
2014-10-22 04:00:00	127	0
2014-10-22 04:15:00	127	0
2014-10-21 23:45:00	127	0
2014-10-22 00:00:00	127	0
2014-10-22 00:15:00	127	2
2014-10-21 17:00:00	127	104
2014-10-21 17:15:00	127	115
2014-10-22 01:30:00	127	1
2014-10-22 01:45:00	127	3
2014-10-22 02:00:00	127	1
2014-10-22 02:15:00	127	0
2014-10-22 02:30:00	127	1
2014-10-22 03:00:00	127	0
2014-10-22 03:15:00	127	0
2014-10-22 03:30:00	127	1
2014-10-22 04:30:00	127	2
2014-10-22 04:45:00	127	1
2014-10-22 05:00:00	127	2
2014-10-22 05:15:00	127	0
2014-10-22 05:30:00	127	1
2014-10-22 05:45:00	127	0
2014-10-22 06:00:00	127	1
2014-10-22 06:15:00	127	0
2014-10-22 06:30:00	127	1
2014-10-22 06:45:00	127	0
2014-10-22 07:00:00	127	2
2014-10-22 07:15:00	127	0
2014-10-22 07:30:00	127	3
2014-10-22 07:45:00	127	0
2014-10-22 08:00:00	127	1
2014-10-22 08:15:00	127	1
2014-10-22 08:30:00	127	1
2014-10-22 08:45:00	127	1
2014-10-22 09:00:00	127	3
2014-10-22 09:15:00	127	4
2014-10-22 09:30:00	127	22
2014-10-22 09:45:00	127	29
2014-10-22 10:00:00	127	36
2014-10-22 10:15:00	127	43
2014-10-22 10:30:00	127	50
2014-10-22 10:45:00	127	62
2014-10-22 11:00:00	127	72
2014-10-22 11:15:00	127	81
2014-10-22 11:30:00	127	76
2014-10-22 11:45:00	127	80
2014-10-22 12:00:00	127	90
2014-10-22 12:15:00	127	90
2014-10-22 12:30:00	127	97
2014-10-22 12:45:00	127	91
2014-10-22 13:00:00	127	91
2014-10-22 13:15:00	127	90
2014-10-22 13:30:00	127	90
2014-10-22 13:45:00	127	98
2014-10-22 14:00:00	127	103
2014-10-22 14:15:00	127	114
2014-10-22 14:30:00	127	112
2014-10-22 14:45:00	127	119
2014-10-22 15:00:00	127	111
2014-10-22 15:15:00	127	113
2014-10-22 15:30:00	127	109
2014-10-22 15:45:00	127	121
2014-10-22 16:00:00	127	117
2014-10-22 16:15:00	127	120
2014-10-22 16:30:00	127	105
2014-10-22 16:45:00	127	103
\.


--
-- Data for Name: oauth_data; Type: TABLE DATA; Schema: public; Owner: adi
--

COPY public.oauth_data (uni, code) FROM stdin;
abc1234	l7QGxn6doncC9Z9iPk7hykbMilRg2uV0JoIxYljtEai4o7rjVP1J9KDTudwYDNKl
\.


--
-- Data for Name: routers; Type: TABLE DATA; Schema: public; Owner: adi
--

COPY public.routers (id, name, building_id) FROM stdin;
104	Lerner 3	101
102	Lerner 1	101
192	JJ's Place	153
116	Butler Library 2	115
126	Architectural and Fine Arts Library 2	124
121	Butler Library 6	115
98	Starr East Asian Library	97
103	Lerner 2	101
107	Roone Arledge Auditorium	101
120	Butler Library 5	115
111	Lehman Library 3	109
118	Butler Library 301	115
105	Lerner 4	101
100	Science and Engineering Library	99
127	Architectural and Fine Arts Library 3	124
110	Lehman Library 2	109
106	Lerner 5	101
117	Butler Library 3	115
155	John Jay Dining Hall	153
122	Butler Library stk	115
119	Butler Library 4	115
96	Uris/Watson Library	2
125	Architectural and Fine Arts Library 1	124
\.


--
-- Name: buildings building_unique_name; Type: CONSTRAINT; Schema: public; Owner: adi
--

ALTER TABLE ONLY public.buildings
    ADD CONSTRAINT building_unique_name UNIQUE (name);


--
-- Name: buildings buildings_pkey; Type: CONSTRAINT; Schema: public; Owner: adi
--

ALTER TABLE ONLY public.buildings
    ADD CONSTRAINT buildings_pkey PRIMARY KEY (id);


--
-- Name: density_data density_data_pkey; Type: CONSTRAINT; Schema: public; Owner: adi
--

ALTER TABLE ONLY public.density_data
    ADD CONSTRAINT density_data_pkey PRIMARY KEY (dump_time, group_id);


--
-- Name: routers room_unique_name; Type: CONSTRAINT; Schema: public; Owner: adi
--

ALTER TABLE ONLY public.routers
    ADD CONSTRAINT room_unique_name UNIQUE (name);


--
-- Name: routers routers_pkey; Type: CONSTRAINT; Schema: public; Owner: adi
--

ALTER TABLE ONLY public.routers
    ADD CONSTRAINT routers_pkey PRIMARY KEY (id);


--
-- Name: density_data_group_id_dump_time_idx; Type: INDEX; Schema: public; Owner: adi
--

CREATE INDEX density_data_group_id_dump_time_idx ON public.density_data USING btree (group_id, dump_time);


--
-- Name: density_data_group_id_dump_time_idx1; Type: INDEX; Schema: public; Owner: adi
--

CREATE INDEX density_data_group_id_dump_time_idx1 ON public.density_data USING btree (group_id, dump_time);


--
-- Name: oauth_data_code_idx; Type: INDEX; Schema: public; Owner: adi
--

CREATE UNIQUE INDEX oauth_data_code_idx ON public.oauth_data USING btree (code);


--
-- Name: density_data density_data_group_id_fkey; Type: FK CONSTRAINT; Schema: public; Owner: adi
--

ALTER TABLE ONLY public.density_data
    ADD CONSTRAINT density_data_group_id_fkey FOREIGN KEY (group_id) REFERENCES public.routers(id);


--
-- Name: routers routers_building_id_fkey; Type: FK CONSTRAINT; Schema: public; Owner: adi
--

ALTER TABLE ONLY public.routers
    ADD CONSTRAINT routers_building_id_fkey FOREIGN KEY (building_id) REFERENCES public.buildings(id);


--
-- PostgreSQL database dump complete
--

