--
-- PostgreSQL database dump
--

SET statement_timeout = 0;
SET lock_timeout = 0;
SET client_encoding = 'UTF8';
SET standard_conforming_strings = on;
SET check_function_bodies = false;
SET client_min_messages = warning;

--
-- Name: plpgsql; Type: EXTENSION; Schema: -; Owner: 
--

CREATE EXTENSION IF NOT EXISTS plpgsql WITH SCHEMA pg_catalog;


--
-- Name: EXTENSION plpgsql; Type: COMMENT; Schema: -; Owner: 
--

COMMENT ON EXTENSION plpgsql IS 'PL/pgSQL procedural language';


SET search_path = public, pg_catalog;

SET default_tablespace = '';

SET default_with_oids = false;

--
-- Name: buildings; Type: TABLE; Schema: public; Owner: adi; Tablespace: 
--

CREATE TABLE buildings (
    id integer NOT NULL,
    name text NOT NULL
);


ALTER TABLE public.buildings OWNER TO adi;

--
-- Name: density_data; Type: TABLE; Schema: public; Owner: adi; Tablespace: 
--

CREATE TABLE density_data (
    dump_time timestamp without time zone NOT NULL,
    group_id integer NOT NULL,
    client_count integer
);


ALTER TABLE public.density_data OWNER TO adi;

--
-- Name: oauth_data; Type: TABLE; Schema: public; Owner: adi; Tablespace: 
--

CREATE TABLE oauth_data (
    uni text NOT NULL,
    code character varying(64) NOT NULL
);


ALTER TABLE public.oauth_data OWNER TO adi;

--
-- Name: routers; Type: TABLE; Schema: public; Owner: adi; Tablespace: 
--

CREATE TABLE routers (
    id integer NOT NULL,
    name text NOT NULL,
    building_id integer NOT NULL
);


ALTER TABLE public.routers OWNER TO adi;

--
-- Data for Name: buildings; Type: TABLE DATA; Schema: public; Owner: adi
--

COPY buildings (id, name) FROM stdin;
103	Butler
146	Avery
15	Northwest Corner Building
2	Uris
62	East Asian Library
75	John Jay
79	Lehman Library
84	Lerner
\.


--
-- Data for Name: density_data; Type: TABLE DATA; Schema: public; Owner: adi
--

COPY density_data (dump_time, group_id, client_count) FROM stdin;
2014-10-21 19:45:00	145	74
2014-10-21 19:45:00	131	279
2014-10-21 19:45:00	139	49
2014-10-21 19:45:00	144	99
2014-10-21 20:00:00	152	146
2014-10-21 20:00:00	151	108
2014-10-21 20:00:00	130	426
2014-10-21 20:00:00	149	49
2014-10-21 20:00:00	134	132
2014-10-21 20:00:00	138	30
2014-10-21 20:00:00	145	87
2014-10-21 20:00:00	131	272
2014-10-21 20:00:00	139	48
2014-10-21 20:00:00	144	107
2014-10-21 20:00:00	153	128
2014-10-21 20:00:00	148	100
2014-10-21 20:00:00	140	282
2014-10-21 20:15:00	155	40
2014-10-21 20:15:00	133	71
2014-10-21 20:15:00	151	87
2014-10-21 20:15:00	154	125
2014-10-21 20:15:00	125	97
2014-10-21 20:15:00	147	11
2014-10-21 20:15:00	132	274
2014-10-21 20:15:00	150	82
2014-10-21 20:15:00	131	297
2014-10-21 20:15:00	139	46
2014-10-21 20:15:00	144	87
2014-10-21 20:15:00	23	401
2014-10-21 20:15:00	85	33
2014-10-21 20:15:00	153	122
2014-10-21 20:15:00	148	101
2014-10-21 20:15:00	140	286
2014-10-21 20:15:00	152	110
2014-10-21 20:15:00	130	391
2014-10-21 20:15:00	149	50
2014-10-21 20:15:00	134	141
2014-10-21 20:15:00	138	30
2014-10-21 20:15:00	145	83
2014-10-21 20:30:00	154	169
2014-10-21 20:30:00	125	44
2014-10-21 20:30:00	147	11
2014-10-21 20:30:00	132	299
2014-10-21 20:30:00	150	60
2014-10-21 20:30:00	155	40
2014-10-21 20:30:00	23	408
2014-10-21 20:30:00	133	61
2014-10-21 20:30:00	85	54
2014-10-21 20:30:00	151	126
2014-10-21 20:30:00	152	108
2014-10-21 20:30:00	130	455
2014-10-21 20:30:00	149	52
2014-10-21 20:30:00	134	147
2014-10-21 20:30:00	138	37
2014-10-21 20:30:00	145	69
2014-10-21 20:30:00	131	325
2014-10-21 20:30:00	139	53
2014-10-21 20:30:00	144	83
2014-10-21 20:30:00	153	95
2014-10-21 20:30:00	148	103
2014-10-21 20:30:00	140	320
2014-10-21 20:45:00	152	50
2014-10-21 20:45:00	130	425
2014-10-21 20:45:00	149	59
2014-10-21 20:45:00	134	147
2014-10-21 20:45:00	138	38
2014-10-21 20:45:00	145	80
2014-10-21 20:45:00	155	44
2014-10-21 20:45:00	133	75
2014-10-21 20:45:00	151	84
2014-10-21 20:45:00	154	147
2014-10-21 20:45:00	125	17
2014-10-21 20:45:00	147	11
2014-10-21 20:45:00	132	278
2014-10-21 20:45:00	150	46
2014-10-21 20:45:00	131	299
2014-10-21 20:45:00	139	51
2014-10-21 20:45:00	144	95
2014-10-21 20:45:00	23	400
2014-10-21 20:45:00	85	29
2014-10-21 20:45:00	153	79
2014-10-21 20:45:00	148	96
2014-10-21 20:45:00	140	314
2014-10-21 21:00:00	155	52
2014-10-21 21:00:00	23	378
2014-10-21 21:00:00	133	92
2014-10-21 21:00:00	85	47
2014-10-21 21:00:00	152	62
2014-10-21 21:00:00	130	491
2014-10-21 21:00:00	149	56
2014-10-21 21:00:00	134	148
2014-10-21 21:00:00	138	46
2014-10-21 21:00:00	145	73
2014-10-21 21:00:00	131	362
2014-10-21 19:30:00	139	66
2014-10-21 19:45:00	150	89
2014-10-21 21:00:00	139	57
2014-10-21 21:00:00	144	73
2014-10-21 21:00:00	153	82
2014-10-21 21:00:00	148	96
2014-10-21 21:00:00	140	270
2014-10-21 21:00:00	154	164
2014-10-21 21:00:00	125	12
2014-10-21 21:00:00	147	11
2014-10-21 21:00:00	132	296
2014-10-21 21:00:00	150	18
2014-10-21 21:15:00	155	42
2014-10-21 21:15:00	23	384
2014-10-21 21:15:00	133	77
2014-10-21 21:15:00	85	26
2014-10-21 21:15:00	151	79
2014-10-21 21:15:00	152	43
2014-10-21 21:15:00	130	413
2014-10-21 21:15:00	149	55
2014-10-21 21:15:00	134	146
2014-10-21 21:15:00	138	54
2014-10-21 21:15:00	145	74
2014-10-21 21:15:00	131	348
2014-10-21 21:15:00	139	49
2014-10-21 21:15:00	144	91
2014-10-21 21:15:00	153	87
2014-10-21 21:15:00	148	88
2014-10-21 21:15:00	140	265
2014-10-21 21:15:00	125	7
2014-10-21 21:15:00	147	10
2014-10-21 21:15:00	132	287
2014-10-21 21:15:00	150	9
2014-10-21 21:30:00	152	47
2014-10-21 21:30:00	130	440
2014-10-21 21:30:00	149	56
2014-10-21 21:30:00	134	149
2014-10-21 21:30:00	138	49
2014-10-21 21:30:00	145	76
2014-10-21 21:30:00	131	357
2014-10-21 21:30:00	139	63
2014-10-21 21:30:00	144	84
2014-10-21 21:30:00	153	84
2014-10-21 21:30:00	148	90
2014-10-21 21:30:00	140	279
2014-10-21 21:30:00	154	129
2014-10-21 21:30:00	125	3
2014-10-21 21:30:00	147	10
2014-10-21 21:30:00	132	280
2014-10-21 21:30:00	150	9
2014-10-21 21:30:00	155	46
2014-10-21 21:30:00	23	388
2014-10-21 21:30:00	133	74
2014-10-21 21:30:00	85	22
2014-10-21 21:30:00	151	75
2014-10-21 21:45:00	155	64
2014-10-21 21:45:00	133	91
2014-10-21 21:45:00	151	58
2014-10-21 21:45:00	154	141
2014-10-21 21:45:00	125	11
2014-10-21 21:45:00	147	6
2014-10-21 21:45:00	132	300
2014-10-21 21:45:00	131	362
2014-10-21 21:45:00	139	55
2014-10-21 21:45:00	144	103
2014-10-21 21:45:00	23	384
2014-10-21 21:45:00	85	32
2014-10-21 21:45:00	153	94
2014-10-21 21:45:00	148	80
2014-10-21 21:45:00	140	278
2014-10-21 21:45:00	152	64
2014-10-21 21:45:00	130	479
2014-10-21 21:45:00	149	48
2014-10-21 21:45:00	134	166
2014-10-21 21:45:00	138	53
2014-10-21 21:45:00	145	75
2014-10-21 22:00:00	152	47
2014-10-21 22:00:00	130	467
2014-10-21 22:00:00	149	49
2014-10-21 22:00:00	134	163
2014-10-21 22:00:00	138	47
2014-10-21 22:00:00	145	82
2014-10-21 22:00:00	155	62
2014-10-21 22:00:00	133	83
2014-10-21 22:00:00	151	67
2014-10-21 22:00:00	154	90
2014-10-21 17:45:00	85	34
2014-10-21 22:00:00	125	4
2014-10-21 21:00:00	151	97
2014-10-21 22:00:00	147	6
2014-10-21 22:00:00	132	316
2014-10-21 22:00:00	150	9
2014-10-21 22:00:00	131	352
2014-10-21 22:00:00	139	55
2014-10-21 22:00:00	144	104
2014-10-21 22:00:00	23	385
2014-10-21 22:00:00	85	28
2014-10-21 22:00:00	153	79
2014-10-21 22:00:00	148	83
2014-10-21 22:00:00	140	284
2014-10-21 22:15:00	154	87
2014-10-21 22:15:00	125	10
2014-10-21 22:15:00	147	7
2014-10-21 22:15:00	132	309
2014-10-21 22:15:00	131	352
2014-10-21 22:15:00	139	50
2014-10-21 22:15:00	144	91
2014-10-21 22:15:00	23	365
2014-10-21 22:15:00	85	39
2014-10-21 22:15:00	153	65
2014-10-21 22:15:00	148	80
2014-10-21 22:15:00	140	277
2014-10-21 22:15:00	152	62
2014-10-21 22:15:00	130	490
2014-10-21 22:15:00	149	42
2014-10-21 22:15:00	134	167
2014-10-21 22:15:00	138	47
2014-10-21 22:15:00	145	82
2014-10-21 22:15:00	155	43
2014-10-21 22:15:00	133	83
2014-10-21 22:15:00	151	77
2014-10-21 22:30:00	154	90
2014-10-21 22:30:00	125	5
2014-10-22 11:00:00	150	13
2014-10-21 22:30:00	147	8
2014-10-21 22:30:00	132	304
2014-10-21 22:30:00	150	3
2014-10-21 22:30:00	155	42
2014-10-21 22:30:00	23	335
2014-10-21 22:30:00	85	39
2014-10-21 22:30:00	130	482
2014-10-21 22:30:00	149	38
2014-10-21 22:30:00	134	174
2014-10-21 22:30:00	138	44
2014-10-21 22:30:00	145	73
2014-10-21 22:30:00	131	350
2014-10-21 22:30:00	139	55
2014-10-21 22:30:00	144	79
2014-10-21 22:30:00	153	63
2014-10-21 22:30:00	148	74
2014-10-21 22:30:00	140	243
2014-10-21 22:45:00	152	43
2014-10-21 22:45:00	130	470
2014-10-21 22:45:00	149	39
2014-10-21 22:45:00	134	158
2014-10-21 22:45:00	138	44
2014-10-21 22:45:00	145	73
2014-10-21 22:45:00	131	346
2014-10-21 22:45:00	139	48
2014-10-21 22:45:00	144	68
2014-10-21 22:45:00	153	49
2014-10-21 22:45:00	148	70
2014-10-21 22:45:00	140	238
2014-10-21 22:45:00	125	8
2014-10-21 22:45:00	147	10
2014-10-21 22:45:00	132	317
2014-10-21 22:45:00	150	2
2014-10-21 22:45:00	155	38
2014-10-21 22:45:00	23	304
2014-10-21 22:45:00	133	66
2014-10-21 22:45:00	85	34
2014-10-21 22:45:00	151	67
2014-10-21 23:00:00	154	91
2014-10-21 23:00:00	125	6
2014-10-21 23:00:00	147	7
2014-10-21 23:00:00	132	303
2014-10-21 23:00:00	150	0
2014-10-21 23:00:00	155	51
2014-10-21 23:00:00	23	299
2014-10-21 23:00:00	133	60
2014-10-21 23:00:00	85	35
2014-10-21 23:00:00	152	41
2014-10-21 23:00:00	149	39
2014-10-21 23:00:00	134	132
2014-10-21 23:00:00	138	38
2014-10-21 17:45:00	148	163
2014-10-21 17:45:00	140	435
2014-10-21 23:00:00	145	72
2014-10-21 23:00:00	131	373
2014-10-21 23:00:00	139	39
2014-10-21 23:00:00	144	56
2014-10-21 23:00:00	153	42
2014-10-21 23:00:00	148	60
2014-10-21 23:00:00	140	223
2014-10-21 23:15:00	155	55
2014-10-21 23:15:00	133	25
2014-10-21 23:15:00	151	73
2014-10-21 23:15:00	154	66
2014-10-21 23:15:00	125	5
2014-10-21 23:15:00	147	1
2014-10-21 23:15:00	132	274
2014-10-21 23:15:00	150	19
2014-10-21 23:15:00	131	377
2014-10-21 23:15:00	139	43
2014-10-21 23:15:00	144	21
2014-10-21 23:15:00	23	275
2014-10-21 23:15:00	85	37
2014-10-21 23:15:00	153	41
2014-10-21 23:15:00	148	13
2014-10-21 23:15:00	140	197
2014-10-21 23:15:00	152	42
2014-10-21 23:15:00	130	479
2014-10-21 23:15:00	149	10
2014-10-21 23:15:00	134	36
2014-10-21 23:15:00	138	29
2014-10-21 23:15:00	145	71
2014-10-21 23:30:00	152	55
2014-10-21 23:30:00	130	448
2014-10-21 23:30:00	149	3
2014-10-21 23:30:00	134	3
2014-10-21 23:30:00	138	25
2014-10-21 23:30:00	145	64
2014-10-21 23:30:00	131	389
2014-10-21 23:30:00	139	36
2014-10-21 23:30:00	144	10
2014-10-21 23:30:00	153	41
2014-10-21 23:30:00	148	9
2014-10-21 23:30:00	140	187
2014-10-21 23:30:00	154	60
2014-10-22 00:45:00	151	25
2014-10-21 23:30:00	125	7
2014-10-21 23:30:00	147	1
2014-10-21 23:30:00	132	274
2014-10-21 23:30:00	150	19
2014-10-21 23:30:00	155	51
2014-10-21 23:30:00	23	260
2014-10-21 23:30:00	133	9
2014-10-21 23:30:00	85	38
2014-10-21 23:30:00	151	74
2014-10-21 23:45:00	131	379
2014-10-21 23:45:00	139	35
2014-10-22 00:30:00	140	0
2014-10-22 00:30:00	152	37
2014-10-22 00:30:00	130	443
2014-10-22 00:30:00	149	2
2014-10-22 00:30:00	134	2
2014-10-22 00:30:00	138	15
2014-10-22 00:30:00	145	57
2014-10-22 00:30:00	155	63
2014-10-22 00:30:00	133	7
2014-10-22 00:30:00	151	43
2014-10-22 00:30:00	154	38
2014-10-22 00:30:00	125	5
2014-10-22 00:30:00	147	1
2014-10-22 00:30:00	132	257
2014-10-22 00:30:00	150	8
2014-10-22 00:45:00	154	24
2014-10-22 00:45:00	125	4
2014-10-22 00:45:00	147	1
2014-10-22 00:45:00	132	254
2014-10-22 00:45:00	150	8
2014-10-22 00:45:00	155	63
2014-10-22 00:45:00	23	12
2014-10-22 00:45:00	133	8
2014-10-22 00:45:00	85	13
2014-10-22 00:45:00	152	29
2014-10-22 00:45:00	130	390
2014-10-22 00:45:00	149	3
2014-10-22 00:45:00	134	2
2014-10-22 00:45:00	138	17
2014-10-22 00:45:00	145	48
2014-10-22 00:45:00	131	328
2014-10-22 00:45:00	139	4
2014-10-21 18:00:00	155	43
2014-10-22 00:45:00	144	7
2014-10-22 00:45:00	153	19
2014-10-22 00:45:00	148	10
2014-10-22 00:45:00	140	0
2014-10-22 01:00:00	139	4
2014-10-21 22:30:00	133	76
2014-10-21 23:00:00	151	61
2014-10-22 01:00:00	131	321
2014-10-22 01:00:00	144	6
2014-10-22 01:00:00	23	11
2014-10-22 01:00:00	85	12
2014-10-22 01:00:00	153	12
2014-10-22 01:00:00	148	7
2014-10-22 01:00:00	140	1
2014-10-22 01:00:00	152	27
2014-10-22 01:00:00	130	372
2014-10-22 01:00:00	149	0
2014-10-22 01:00:00	134	2
2014-10-22 01:00:00	138	18
2014-10-22 01:00:00	145	42
2014-10-22 01:00:00	155	60
2014-10-22 01:00:00	133	7
2014-10-22 01:00:00	151	27
2014-10-22 01:00:00	154	27
2014-10-22 01:00:00	125	5
2014-10-22 01:00:00	147	1
2014-10-22 01:00:00	132	229
2014-10-22 01:00:00	150	1
2014-10-22 01:15:00	152	20
2014-10-22 01:15:00	130	347
2014-10-22 01:15:00	149	1
2014-10-22 01:15:00	134	2
2014-10-22 01:15:00	138	15
2014-10-22 01:15:00	145	38
2014-10-22 01:15:00	131	303
2014-10-22 01:15:00	139	4
2014-10-22 01:15:00	144	4
2014-10-22 01:15:00	153	12
2014-10-22 01:15:00	148	7
2014-10-22 01:15:00	140	0
2014-10-22 01:15:00	154	17
2014-10-22 01:15:00	125	4
2014-10-22 01:15:00	147	1
2014-10-22 01:15:00	132	225
2014-10-22 01:15:00	150	0
2014-10-22 01:15:00	155	50
2014-10-22 01:15:00	23	8
2014-10-22 01:15:00	133	12
2014-10-22 01:15:00	85	8
2014-10-22 01:15:00	151	17
2014-10-22 01:30:00	155	6
2014-10-22 01:30:00	133	8
2014-10-22 01:30:00	151	7
2014-10-22 01:30:00	154	5
2014-10-22 01:30:00	125	4
2014-10-22 03:30:00	131	128
2014-10-22 03:30:00	139	3
2014-10-22 03:30:00	144	4
2014-10-22 03:30:00	153	4
2014-10-22 03:30:00	148	6
2014-10-22 03:30:00	140	0
2014-10-22 03:30:00	154	3
2014-10-22 03:30:00	125	1
2014-10-22 03:30:00	147	2
2014-10-22 03:30:00	132	91
2014-10-22 03:30:00	150	0
2014-10-22 03:45:00	155	1
2014-10-22 03:45:00	133	7
2014-10-22 03:45:00	151	3
2014-10-22 03:45:00	154	0
2014-10-22 03:45:00	125	1
2014-10-22 03:45:00	147	2
2014-10-22 03:45:00	132	80
2014-10-22 03:45:00	150	0
2014-10-22 03:45:00	131	89
2014-10-22 03:45:00	139	3
2014-10-22 03:45:00	144	3
2014-10-22 03:45:00	23	6
2014-10-22 03:45:00	85	1
2014-10-22 03:45:00	153	4
2014-10-22 03:45:00	148	7
2014-10-22 03:45:00	140	0
2014-10-22 03:45:00	152	5
2014-10-22 03:45:00	130	125
2014-10-22 03:45:00	149	0
2014-10-22 03:45:00	134	2
2014-10-22 03:45:00	138	1
2014-10-22 03:45:00	145	1
2014-10-22 04:00:00	155	1
2014-10-22 04:00:00	133	6
2014-10-22 04:00:00	151	3
2014-10-22 04:00:00	154	0
2014-10-22 04:00:00	125	1
2014-10-22 04:00:00	147	2
2014-10-22 04:00:00	132	81
2014-10-22 04:00:00	150	0
2014-10-22 04:00:00	131	88
2014-10-22 04:00:00	139	3
2014-10-22 04:00:00	144	3
2014-10-22 04:00:00	23	7
2014-10-22 04:00:00	85	1
2014-10-22 04:00:00	153	4
2014-10-22 04:00:00	148	8
2014-10-22 04:00:00	140	0
2014-10-22 04:00:00	152	4
2014-10-22 04:00:00	130	99
2014-10-22 04:00:00	149	0
2014-10-22 04:00:00	134	2
2014-10-22 04:00:00	138	0
2014-10-22 04:00:00	145	1
2014-10-22 04:15:00	154	0
2014-10-22 04:15:00	125	0
2014-10-22 04:15:00	147	1
2014-10-22 04:15:00	132	69
2014-10-22 04:15:00	150	0
2014-10-22 04:15:00	131	77
2014-10-22 04:15:00	139	3
2014-10-22 04:15:00	144	3
2014-10-22 04:15:00	23	6
2014-10-22 04:15:00	85	2
2014-10-22 04:15:00	153	4
2014-10-22 04:15:00	148	8
2014-10-22 04:15:00	140	0
2014-10-22 04:15:00	152	4
2014-10-22 04:15:00	130	87
2014-10-22 04:15:00	149	0
2014-10-22 04:15:00	134	1
2014-10-22 04:15:00	138	0
2014-10-22 04:15:00	145	1
2014-10-22 04:15:00	155	1
2014-10-22 04:15:00	133	6
2014-10-22 04:15:00	151	3
2014-10-22 04:30:00	154	0
2014-10-22 04:30:00	125	0
2014-10-22 04:30:00	147	1
2014-10-22 04:30:00	132	57
2014-10-22 04:30:00	150	0
2014-10-21 23:45:00	130	435
2014-10-21 23:45:00	149	0
2014-10-21 23:45:00	134	3
2014-10-21 23:45:00	138	21
2014-10-21 23:45:00	145	60
2014-10-21 23:45:00	155	56
2014-10-21 23:45:00	133	11
2014-10-21 23:45:00	151	70
2014-10-21 23:45:00	154	47
2014-10-21 23:45:00	125	8
2014-10-21 23:45:00	147	1
2014-10-21 23:45:00	132	279
2014-10-21 23:45:00	150	12
2014-10-22 00:00:00	131	378
2014-10-22 00:00:00	139	32
2014-10-22 00:00:00	144	5
2014-10-22 00:00:00	23	218
2014-10-22 00:00:00	85	30
2014-10-22 00:00:00	153	32
2014-10-22 00:00:00	148	8
2014-10-22 00:00:00	140	133
2014-10-22 00:00:00	152	44
2014-10-22 00:00:00	130	438
2014-10-22 00:00:00	149	0
2014-10-22 00:00:00	134	1
2014-10-22 00:00:00	138	21
2014-10-22 00:00:00	145	55
2014-10-22 00:00:00	155	66
2014-10-22 00:00:00	133	10
2014-10-22 00:00:00	151	63
2014-10-22 00:00:00	154	44
2014-10-22 00:00:00	125	6
2014-10-22 00:00:00	147	1
2014-10-22 00:00:00	132	278
2014-10-22 00:00:00	150	13
2014-10-22 00:15:00	155	58
2014-10-22 00:15:00	23	33
2014-10-22 00:15:00	133	11
2014-10-22 00:15:00	85	27
2014-10-22 00:15:00	151	51
2014-10-22 00:15:00	152	42
2014-10-22 00:15:00	130	420
2014-10-21 18:00:00	133	94
2014-10-21 18:00:00	151	90
2014-10-21 18:00:00	154	58
2014-10-21 18:00:00	125	90
2014-10-22 00:15:00	149	2
2014-10-22 00:15:00	134	1
2014-10-22 00:15:00	138	13
2014-10-22 00:15:00	145	54
2014-10-22 00:15:00	131	353
2014-10-22 00:15:00	139	6
2014-10-22 00:15:00	144	7
2014-10-22 00:15:00	153	29
2014-10-22 00:15:00	148	8
2014-10-22 00:15:00	140	67
2014-10-22 00:15:00	154	36
2014-10-22 00:15:00	125	8
2014-10-22 00:15:00	147	1
2014-10-22 00:15:00	132	247
2014-10-22 00:15:00	150	9
2014-10-22 00:30:00	131	327
2014-10-22 00:30:00	139	4
2014-10-22 00:30:00	144	6
2014-10-22 00:30:00	23	15
2014-10-21 17:00:00	130	447
2014-10-21 17:00:00	149	104
2014-10-21 17:00:00	134	157
2014-10-21 17:00:00	138	41
2014-10-21 17:00:00	145	123
2014-10-21 17:00:00	155	29
2014-10-21 17:00:00	133	106
2014-10-21 17:00:00	151	96
2014-10-21 17:00:00	154	62
2014-10-21 17:00:00	125	9
2014-10-21 17:00:00	147	10
2014-10-21 17:00:00	132	241
2014-10-21 17:00:00	150	8
2014-10-21 17:00:00	131	349
2014-10-21 17:00:00	139	104
2014-10-21 17:00:00	144	110
2014-10-21 17:00:00	23	640
2014-10-21 17:00:00	85	22
2014-10-21 17:00:00	153	110
2014-10-21 17:00:00	148	198
2014-10-21 17:00:00	140	432
2014-10-21 17:15:00	155	12
2014-10-21 17:15:00	23	620
2014-10-21 17:15:00	133	110
2014-10-21 17:15:00	85	17
2014-10-21 17:15:00	151	88
2014-10-21 17:15:00	152	126
2014-10-21 17:15:00	130	454
2014-10-21 17:15:00	149	115
2014-10-21 17:15:00	134	134
2014-10-21 17:15:00	138	36
2014-10-21 17:15:00	145	131
2014-10-21 17:15:00	131	328
2014-10-21 17:15:00	139	105
2014-10-21 17:15:00	144	116
2014-10-21 17:45:00	147	11
2014-10-21 17:45:00	131	300
2014-10-21 17:45:00	139	98
2014-10-21 17:45:00	144	144
2014-10-22 01:30:00	147	1
2014-10-22 01:30:00	132	194
2014-10-22 01:30:00	150	0
2014-10-22 01:30:00	131	291
2014-10-22 01:30:00	139	4
2014-10-22 01:30:00	144	4
2014-10-22 01:30:00	23	8
2014-10-22 01:30:00	85	4
2014-10-22 01:30:00	153	8
2014-10-22 01:30:00	148	7
2014-10-22 01:30:00	152	14
2014-10-22 01:30:00	130	339
2014-10-22 01:30:00	149	1
2014-10-22 01:30:00	134	2
2014-10-22 01:30:00	138	16
2014-10-22 01:30:00	145	40
2014-10-22 01:45:00	154	3
2014-10-22 01:45:00	125	4
2014-10-22 01:45:00	147	1
2014-10-22 01:45:00	132	186
2014-10-22 01:45:00	150	0
2014-10-22 01:45:00	155	3
2014-10-22 01:45:00	23	6
2014-10-22 01:45:00	133	11
2014-10-22 01:45:00	85	4
2014-10-22 01:45:00	151	4
2014-10-22 01:45:00	152	11
2014-10-22 01:45:00	130	311
2014-10-22 01:45:00	149	3
2014-10-22 01:45:00	134	2
2014-10-22 01:45:00	138	19
2014-10-22 01:45:00	145	28
2014-10-22 01:45:00	131	284
2014-10-22 01:45:00	139	4
2014-10-22 01:45:00	144	3
2014-10-22 01:45:00	153	5
2014-10-22 01:45:00	148	7
2014-10-22 01:45:00	140	1
2014-10-22 02:00:00	155	3
2014-10-22 02:00:00	133	9
2014-10-22 02:00:00	151	4
2014-10-22 02:00:00	154	2
2014-10-22 02:00:00	125	4
2014-10-22 06:45:00	153	4
2014-10-22 02:00:00	147	1
2014-10-22 02:00:00	132	166
2014-10-22 02:00:00	150	0
2014-10-22 02:00:00	131	232
2014-10-22 02:00:00	139	4
2014-10-22 02:00:00	144	5
2014-10-22 02:00:00	23	5
2014-10-22 02:00:00	85	5
2014-10-22 02:00:00	153	6
2014-10-22 02:00:00	148	7
2014-10-22 02:00:00	140	0
2014-10-22 02:00:00	152	8
2014-10-22 02:00:00	130	299
2014-10-22 02:00:00	149	1
2014-10-22 02:00:00	134	2
2014-10-22 02:00:00	138	18
2014-10-22 02:00:00	145	20
2014-10-22 02:15:00	131	218
2014-10-22 02:15:00	139	4
2014-10-22 02:15:00	144	3
2014-10-22 02:15:00	23	6
2014-10-22 02:15:00	85	5
2014-10-22 02:15:00	153	7
2014-10-22 02:15:00	148	6
2014-10-22 02:15:00	140	0
2014-10-22 02:15:00	152	7
2014-10-22 02:15:00	130	274
2014-10-22 02:15:00	149	0
2014-10-22 02:15:00	134	2
2014-10-22 02:15:00	138	15
2014-10-22 02:15:00	145	28
2014-10-22 02:15:00	155	3
2014-10-22 02:15:00	133	7
2014-10-22 02:15:00	151	6
2014-10-22 02:15:00	154	2
2014-10-22 02:15:00	125	4
2014-10-22 02:15:00	147	1
2014-10-22 02:15:00	132	148
2014-10-22 02:15:00	150	0
2014-10-22 02:30:00	155	1
2014-10-22 02:30:00	23	6
2014-10-22 02:30:00	133	8
2014-10-22 02:30:00	85	3
2014-10-22 02:30:00	151	4
2014-10-22 02:30:00	152	5
2014-10-22 02:30:00	130	217
2014-10-22 02:30:00	149	1
2014-10-22 02:30:00	134	2
2014-10-22 02:30:00	138	13
2014-10-22 02:30:00	145	23
2014-10-22 02:30:00	131	198
2014-10-22 02:30:00	139	4
2014-10-22 02:30:00	144	5
2014-10-22 02:30:00	153	8
2014-10-22 02:45:00	147	1
2014-10-22 02:45:00	132	127
2014-10-22 02:45:00	150	0
2014-10-22 02:45:00	155	2
2014-10-22 02:45:00	23	8
2014-10-22 02:45:00	133	8
2014-10-22 02:45:00	85	3
2014-10-22 02:45:00	151	5
2014-10-22 03:00:00	131	151
2014-10-22 03:00:00	139	3
2014-10-22 03:00:00	144	2
2014-10-22 03:00:00	23	5
2014-10-22 03:00:00	85	1
2014-10-22 03:00:00	153	4
2014-10-22 03:00:00	148	7
2014-10-22 03:00:00	140	0
2014-10-22 03:00:00	152	8
2014-10-22 03:00:00	130	180
2014-10-22 03:00:00	149	0
2014-10-22 03:00:00	134	2
2014-10-22 03:00:00	138	12
2014-10-22 03:00:00	145	16
2014-10-22 03:00:00	155	2
2014-10-22 03:00:00	133	6
2014-10-22 03:00:00	151	2
2014-10-22 03:00:00	125	2
2014-10-22 03:00:00	147	1
2014-10-22 03:00:00	132	109
2014-10-22 03:15:00	154	2
2014-10-22 03:15:00	125	2
2014-10-22 03:15:00	147	1
2014-10-22 03:15:00	132	96
2014-10-22 03:15:00	150	0
2014-10-22 03:15:00	131	145
2014-10-22 03:15:00	139	3
2014-10-22 03:15:00	144	3
2014-10-22 03:15:00	23	6
2014-10-22 03:15:00	85	2
2014-10-22 03:15:00	153	5
2014-10-22 03:15:00	148	6
2014-10-22 03:15:00	140	0
2014-10-22 03:15:00	152	4
2014-10-22 03:15:00	130	148
2014-10-22 03:15:00	149	0
2014-10-22 03:15:00	134	3
2014-10-22 03:15:00	138	11
2014-10-22 03:15:00	145	14
2014-10-22 03:15:00	133	8
2014-10-22 03:15:00	151	2
2014-10-22 03:30:00	155	2
2014-10-22 03:30:00	23	6
2014-10-22 03:30:00	133	6
2014-10-22 03:30:00	85	1
2014-10-22 03:30:00	151	6
2014-10-22 03:30:00	152	4
2014-10-22 03:30:00	130	135
2014-10-22 03:30:00	149	1
2014-10-22 03:30:00	134	2
2014-10-22 03:30:00	138	5
2014-10-22 03:30:00	145	1
2014-10-22 04:30:00	149	2
2014-10-22 04:30:00	134	1
2014-10-22 04:30:00	138	0
2014-10-22 04:30:00	145	1
2014-10-22 04:30:00	131	78
2014-10-22 04:30:00	139	3
2014-10-22 04:30:00	144	3
2014-10-22 04:30:00	153	6
2014-10-22 04:30:00	148	8
2014-10-22 04:30:00	140	1
2014-10-22 04:45:00	152	4
2014-10-22 04:45:00	130	82
2014-10-22 04:45:00	149	1
2014-10-22 04:45:00	134	1
2014-10-22 04:45:00	138	0
2014-10-22 04:45:00	145	1
2014-10-22 04:45:00	131	59
2014-10-22 04:45:00	139	3
2014-10-22 04:45:00	144	3
2014-10-22 04:45:00	153	4
2014-10-22 04:45:00	148	7
2014-10-22 04:45:00	140	1
2014-10-22 04:45:00	154	0
2014-10-22 04:45:00	125	0
2014-10-22 04:45:00	147	1
2014-10-22 04:45:00	132	52
2014-10-22 04:45:00	150	0
2014-10-22 04:45:00	155	1
2014-10-22 04:45:00	23	8
2014-10-22 04:45:00	133	7
2014-10-22 04:45:00	85	1
2014-10-22 04:45:00	151	4
2014-10-22 05:00:00	155	1
2014-10-22 05:00:00	23	7
2014-10-22 05:00:00	133	6
2014-10-22 05:00:00	85	2
2014-10-22 05:00:00	151	5
2014-10-22 05:00:00	152	3
2014-10-22 05:00:00	130	72
2014-10-22 05:00:00	149	2
2014-10-22 05:00:00	134	1
2014-10-22 05:00:00	138	0
2014-10-22 05:00:00	145	1
2014-10-22 05:00:00	131	59
2014-10-22 05:00:00	139	3
2014-10-22 05:00:00	144	3
2014-10-22 05:00:00	153	4
2014-10-22 05:00:00	148	8
2014-10-22 05:00:00	140	0
2014-10-22 05:00:00	154	0
2014-10-22 05:00:00	125	0
2014-10-22 05:00:00	147	1
2014-10-22 05:00:00	132	48
2014-10-22 05:00:00	150	1
2014-10-22 05:15:00	155	1
2014-10-22 05:15:00	133	6
2014-10-22 05:15:00	151	5
2014-10-22 05:15:00	154	0
2014-10-22 05:15:00	125	0
2014-10-22 05:15:00	147	1
2014-10-22 05:15:00	132	36
2014-10-22 05:15:00	150	2
2014-10-22 05:15:00	131	62
2014-10-22 05:15:00	139	3
2014-10-22 05:15:00	144	3
2014-10-22 05:15:00	23	7
2014-10-22 05:15:00	85	3
2014-10-22 05:15:00	153	4
2014-10-22 05:15:00	148	8
2014-10-22 05:15:00	140	0
2014-10-22 05:15:00	152	3
2014-10-22 05:15:00	130	66
2014-10-22 05:15:00	149	0
2014-10-22 05:15:00	134	1
2014-10-22 05:15:00	145	1
2014-10-22 05:30:00	154	0
2014-10-22 05:30:00	125	0
2014-10-22 05:30:00	147	1
2014-10-22 05:30:00	132	31
2014-10-22 05:30:00	150	1
2014-10-22 05:30:00	131	53
2014-10-22 05:30:00	139	3
2014-10-22 05:30:00	144	4
2014-10-22 05:30:00	23	7
2014-10-22 05:30:00	85	1
2014-10-22 05:30:00	153	4
2014-10-22 05:30:00	148	8
2014-10-22 05:30:00	140	0
2014-10-22 05:30:00	152	3
2014-10-22 05:30:00	149	1
2014-10-22 05:30:00	134	1
2014-10-22 05:30:00	138	0
2014-10-22 05:30:00	145	1
2014-10-22 05:30:00	155	1
2014-10-22 05:30:00	133	5
2014-10-22 05:30:00	151	4
2014-10-22 05:45:00	131	44
2014-10-22 05:45:00	139	3
2014-10-22 05:45:00	144	4
2014-10-22 05:45:00	23	8
2014-10-22 05:45:00	85	3
2014-10-22 05:45:00	153	7
2014-10-22 05:45:00	148	7
2014-10-22 05:45:00	140	0
2014-10-22 05:45:00	152	3
2014-10-22 05:45:00	130	67
2014-10-22 05:45:00	149	0
2014-10-22 05:45:00	134	2
2014-10-22 05:45:00	138	0
2014-10-22 05:45:00	145	1
2014-10-22 05:45:00	155	1
2014-10-22 05:45:00	133	6
2014-10-22 05:45:00	151	3
2014-10-22 05:45:00	154	0
2014-10-22 05:45:00	125	0
2014-10-22 05:45:00	147	1
2014-10-22 05:45:00	132	26
2014-10-22 05:45:00	150	0
2014-10-22 06:00:00	155	1
2014-10-22 06:00:00	23	9
2014-10-22 06:00:00	133	5
2014-10-22 06:00:00	85	2
2014-10-22 06:00:00	151	3
2014-10-22 06:00:00	152	3
2014-10-22 06:00:00	130	69
2014-10-22 06:00:00	149	1
2014-10-22 06:00:00	134	1
2014-10-22 06:00:00	138	0
2014-10-22 06:00:00	145	1
2014-10-22 06:00:00	131	44
2014-10-22 06:00:00	139	3
2014-10-22 06:00:00	144	3
2014-10-22 06:00:00	148	8
2014-10-22 06:00:00	140	0
2014-10-22 06:00:00	154	0
2014-10-22 06:00:00	125	1
2014-10-22 06:00:00	147	1
2014-10-22 06:00:00	132	26
2014-10-22 06:00:00	150	0
2014-10-22 06:15:00	155	1
2014-10-22 06:15:00	23	7
2014-10-22 06:15:00	133	7
2014-10-22 06:15:00	85	3
2014-10-22 06:15:00	151	3
2014-10-22 06:15:00	152	3
2014-10-22 06:15:00	130	75
2014-10-22 06:15:00	149	0
2014-10-22 06:15:00	134	2
2014-10-22 06:15:00	138	1
2014-10-22 06:15:00	145	2
2014-10-22 06:15:00	131	45
2014-10-22 06:15:00	139	4
2014-10-22 06:15:00	144	3
2014-10-22 06:15:00	153	6
2014-10-22 06:15:00	148	10
2014-10-22 06:15:00	140	1
2014-10-22 06:15:00	154	2
2014-10-22 06:15:00	125	2
2014-10-22 06:15:00	147	2
2014-10-22 06:15:00	132	7
2014-10-22 06:30:00	155	1
2014-10-22 06:30:00	133	6
2014-10-22 06:30:00	125	1
2014-10-22 06:30:00	147	3
2014-10-22 06:30:00	132	2
2014-10-22 06:30:00	150	2
2014-10-22 06:30:00	131	42
2014-10-22 06:30:00	139	3
2014-10-22 06:30:00	144	3
2014-10-22 06:30:00	23	6
2014-10-22 06:30:00	85	6
2014-10-22 06:30:00	153	6
2014-10-22 06:30:00	148	11
2014-10-22 06:30:00	140	0
2014-10-22 06:30:00	152	2
2014-10-22 06:30:00	130	77
2014-10-22 06:30:00	149	1
2014-10-22 06:30:00	138	2
2014-10-22 06:30:00	145	1
2014-10-22 06:45:00	154	1
2014-10-22 06:45:00	125	2
2014-10-22 06:45:00	147	5
2014-10-22 06:45:00	132	4
2014-10-22 06:45:00	150	4
2014-10-22 06:45:00	131	40
2014-10-22 06:45:00	139	3
2014-10-22 06:45:00	144	4
2014-10-22 06:45:00	85	4
2014-10-22 06:45:00	148	8
2014-10-22 06:45:00	140	1
2014-10-22 06:45:00	152	5
2014-10-22 06:45:00	130	82
2014-10-22 06:45:00	149	0
2014-10-22 06:45:00	134	3
2014-10-22 06:45:00	138	1
2014-10-22 06:45:00	145	1
2014-10-22 06:45:00	155	1
2014-10-22 06:45:00	133	6
2014-10-22 06:45:00	151	3
2014-10-22 07:00:00	155	1
2014-10-22 07:00:00	133	8
2014-10-22 07:00:00	151	7
2014-10-22 07:00:00	154	2
2014-10-22 07:00:00	125	2
2014-10-22 07:00:00	147	2
2014-10-22 07:00:00	132	6
2014-10-22 07:00:00	150	0
2014-10-22 07:00:00	131	37
2014-10-22 07:00:00	139	4
2014-10-22 07:00:00	144	4
2014-10-22 07:00:00	23	6
2014-10-22 07:00:00	85	6
2014-10-22 07:00:00	148	10
2014-10-22 07:00:00	140	2
2014-10-22 07:00:00	152	7
2014-10-22 07:00:00	130	86
2014-10-22 07:00:00	149	2
2014-10-22 07:00:00	134	3
2014-10-22 07:00:00	138	1
2014-10-22 07:00:00	145	1
2014-10-22 07:15:00	155	4
2014-10-22 07:15:00	23	9
2014-10-22 07:15:00	133	6
2014-10-22 07:15:00	85	7
2014-10-22 07:15:00	151	7
2014-10-22 07:15:00	152	7
2014-10-22 07:15:00	130	73
2014-10-22 07:15:00	149	0
2014-10-22 07:15:00	134	3
2014-10-22 07:15:00	138	0
2014-10-22 07:15:00	145	1
2014-10-22 07:15:00	131	38
2014-10-22 07:15:00	139	4
2014-10-22 07:15:00	144	4
2014-10-22 07:15:00	153	8
2014-10-22 07:15:00	148	9
2014-10-22 07:15:00	140	1
2014-10-22 07:15:00	154	1
2014-10-22 07:15:00	125	3
2014-10-22 07:15:00	147	1
2014-10-22 07:15:00	132	13
2014-10-22 07:15:00	150	1
2014-10-22 07:30:00	131	45
2014-10-22 07:30:00	139	6
2014-10-22 07:30:00	144	6
2014-10-22 07:30:00	153	7
2014-10-22 07:30:00	148	9
2014-10-22 03:00:00	150	0
2014-10-22 07:30:00	140	1
2014-10-22 07:30:00	125	2
2014-10-22 07:30:00	147	1
2014-10-22 07:30:00	132	30
2014-10-22 07:30:00	150	2
2014-10-22 07:30:00	155	3
2014-10-22 07:30:00	23	8
2014-10-22 07:30:00	133	7
2014-10-22 07:30:00	85	4
2014-10-22 07:30:00	151	6
2014-10-22 07:30:00	152	13
2014-10-22 07:30:00	130	33
2014-10-22 07:30:00	149	3
2014-10-22 07:30:00	134	2
2014-10-22 07:30:00	138	0
2014-10-22 07:30:00	145	1
2014-10-22 07:45:00	155	3
2014-10-22 07:45:00	133	8
2014-10-22 07:45:00	151	10
2014-10-22 07:45:00	154	3
2014-10-22 07:45:00	125	2
2014-10-22 07:45:00	147	2
2014-10-22 07:45:00	132	39
2014-10-22 07:45:00	150	3
2014-10-22 07:45:00	131	35
2014-10-22 07:45:00	139	8
2014-10-22 07:45:00	144	7
2014-10-22 07:45:00	23	9
2014-10-22 07:45:00	85	3
2014-10-22 07:45:00	153	8
2014-10-22 07:45:00	148	9
2014-10-22 07:45:00	140	1
2014-10-22 07:45:00	152	18
2014-10-22 07:45:00	130	36
2014-10-22 07:45:00	149	0
2014-10-22 07:45:00	134	2
2014-10-22 07:45:00	138	0
2014-10-22 07:45:00	145	1
2014-10-22 08:00:00	154	7
2014-10-22 08:00:00	125	0
2014-10-22 08:00:00	147	1
2014-10-22 08:00:00	132	35
2014-10-22 08:00:00	150	1
2014-10-22 08:00:00	155	3
2014-10-22 08:00:00	23	16
2014-10-22 08:00:00	133	4
2014-10-22 08:00:00	85	6
2014-10-22 08:00:00	151	14
2014-10-22 08:00:00	152	34
2014-10-22 08:00:00	130	46
2014-10-22 08:00:00	149	1
2014-10-22 08:00:00	134	1
2014-10-22 08:00:00	138	0
2014-10-22 08:00:00	145	2
2014-10-22 08:00:00	131	33
2014-10-22 08:00:00	139	6
2014-10-22 08:00:00	144	3
2014-10-22 08:00:00	153	7
2014-10-22 08:00:00	148	15
2014-10-22 08:00:00	140	1
2014-10-22 08:15:00	154	6
2014-10-22 08:15:00	125	1
2014-10-22 08:15:00	147	2
2014-10-22 08:15:00	132	44
2014-10-22 08:15:00	150	0
2014-10-22 08:15:00	155	5
2014-10-22 08:15:00	23	15
2014-10-22 08:15:00	133	10
2014-10-22 08:15:00	85	9
2014-10-22 08:15:00	151	24
2014-10-22 08:15:00	152	38
2014-10-22 08:15:00	130	60
2014-10-22 08:15:00	149	1
2014-10-22 08:15:00	134	4
2014-10-22 08:15:00	138	0
2014-10-22 08:15:00	145	2
2014-10-22 08:15:00	131	41
2014-10-22 08:15:00	139	8
2014-10-22 08:15:00	144	3
2014-10-22 08:15:00	153	22
2014-10-22 08:15:00	148	15
2014-10-22 08:15:00	140	2
2014-10-22 08:30:00	154	8
2014-10-22 08:30:00	125	3
2014-10-22 08:30:00	147	1
2014-10-22 08:30:00	132	52
2014-10-22 08:30:00	150	1
2014-10-22 08:30:00	131	40
2014-10-22 08:30:00	139	7
2014-10-22 08:30:00	144	6
2014-10-22 08:30:00	23	32
2014-10-22 08:30:00	85	14
2014-10-22 08:30:00	153	18
2014-10-22 08:30:00	148	19
2014-10-22 08:30:00	140	2
2014-10-22 08:30:00	152	44
2014-10-22 08:30:00	130	69
2014-10-22 08:30:00	149	1
2014-10-22 08:30:00	134	4
2014-10-22 08:30:00	138	2
2014-10-22 08:30:00	145	4
2014-10-22 08:30:00	155	4
2014-10-22 08:30:00	133	7
2014-10-22 08:30:00	151	18
2014-10-22 08:45:00	131	51
2014-10-22 08:45:00	139	6
2014-10-22 08:45:00	144	10
2014-10-22 08:45:00	153	23
2014-10-22 08:45:00	148	20
2014-10-22 08:45:00	140	2
2014-10-22 08:45:00	154	6
2014-10-22 08:45:00	125	3
2014-10-22 08:45:00	147	1
2014-10-22 08:45:00	132	55
2014-10-22 08:45:00	150	5
2014-10-22 08:45:00	155	4
2014-10-22 08:45:00	23	41
2014-10-22 08:45:00	133	5
2014-10-22 08:45:00	85	13
2014-10-22 08:45:00	151	26
2014-10-22 08:45:00	152	50
2014-10-22 08:45:00	130	83
2014-10-22 08:45:00	149	1
2014-10-22 08:45:00	134	2
2014-10-22 08:45:00	138	2
2014-10-22 08:45:00	145	7
2014-10-22 09:00:00	154	10
2014-10-22 09:00:00	125	4
2014-10-22 09:00:00	147	4
2014-10-22 09:00:00	132	57
2014-10-22 09:00:00	150	4
2014-10-22 09:00:00	131	57
2014-10-22 09:00:00	139	6
2014-10-22 09:00:00	144	46
2014-10-22 09:00:00	23	54
2014-10-22 09:00:00	85	22
2014-10-22 09:00:00	153	31
2014-10-22 09:00:00	148	26
2014-10-22 09:00:00	140	2
2014-10-22 09:00:00	152	57
2014-10-22 09:00:00	130	104
2014-10-22 09:00:00	149	3
2014-10-22 09:00:00	134	5
2014-10-22 09:00:00	138	2
2014-10-22 09:00:00	145	9
2014-10-22 09:00:00	155	5
2014-10-22 09:00:00	133	8
2014-10-22 09:15:00	131	61
2014-10-22 09:15:00	139	8
2014-10-22 09:15:00	144	56
2014-10-22 09:15:00	153	30
2014-10-22 09:15:00	148	43
2014-10-22 09:15:00	140	6
2014-10-22 09:15:00	154	16
2014-10-22 09:15:00	125	5
2014-10-22 09:15:00	147	1
2014-10-22 09:15:00	132	56
2014-10-22 09:15:00	150	5
2014-10-22 07:00:00	153	4
2014-10-22 09:15:00	155	9
2014-10-22 09:15:00	23	65
2014-10-22 09:15:00	133	8
2014-10-22 09:15:00	85	29
2014-10-22 09:15:00	151	35
2014-10-22 09:15:00	152	53
2014-10-22 09:15:00	130	125
2014-10-22 09:15:00	149	4
2014-10-22 09:15:00	134	4
2014-10-22 09:15:00	138	2
2014-10-22 09:15:00	145	13
2014-10-22 09:30:00	131	98
2014-10-22 09:30:00	139	6
2014-10-22 09:30:00	144	61
2014-10-22 09:30:00	23	113
2014-10-22 09:30:00	85	31
2014-10-22 09:30:00	153	51
2014-10-22 09:30:00	148	45
2014-10-22 09:30:00	140	31
2014-10-22 09:30:00	152	49
2014-10-22 09:30:00	130	132
2014-10-22 09:30:00	149	22
2014-10-22 09:30:00	134	17
2014-10-22 09:30:00	138	8
2014-10-22 09:30:00	145	30
2014-10-22 09:30:00	155	6
2014-10-22 09:30:00	133	19
2014-10-22 09:30:00	151	36
2014-10-22 09:30:00	154	48
2014-10-22 09:30:00	125	6
2014-10-22 09:30:00	147	3
2014-10-22 09:30:00	132	55
2014-10-22 09:30:00	150	5
2014-10-22 09:45:00	152	61
2014-10-22 09:45:00	130	166
2014-10-22 09:45:00	149	29
2014-10-22 09:45:00	134	19
2014-10-22 09:45:00	138	9
2014-10-22 09:45:00	145	40
2014-10-22 09:45:00	155	8
2014-10-22 09:45:00	133	25
2014-10-22 09:45:00	151	44
2014-10-22 09:45:00	154	47
2014-10-22 09:45:00	125	8
2014-10-22 09:45:00	147	3
2014-10-22 09:45:00	132	59
2014-10-22 09:45:00	150	7
2014-10-22 09:45:00	131	109
2014-10-22 09:45:00	139	14
2014-10-22 09:45:00	144	57
2014-10-22 09:45:00	23	131
2014-10-22 09:45:00	85	33
2014-10-22 09:45:00	153	61
2014-10-22 09:45:00	148	47
2014-10-22 09:45:00	140	42
2014-10-22 10:00:00	152	84
2014-10-22 10:00:00	130	211
2014-10-22 10:00:00	149	36
2014-10-22 10:00:00	134	24
2014-10-22 10:00:00	138	8
2014-10-22 10:00:00	145	47
2014-10-22 10:00:00	155	6
2014-10-22 10:00:00	133	41
2014-10-22 10:00:00	151	73
2014-10-22 10:00:00	154	51
2014-10-22 10:00:00	125	4
2014-10-22 10:00:00	147	5
2014-10-22 10:00:00	132	67
2014-10-22 10:00:00	150	7
2014-10-22 10:00:00	131	132
2014-10-22 10:00:00	139	19
2014-10-22 10:00:00	144	59
2014-10-22 10:00:00	23	185
2014-10-22 10:00:00	85	32
2014-10-22 10:00:00	153	88
2014-10-22 10:00:00	148	49
2014-10-22 10:00:00	140	70
2014-10-22 10:15:00	139	23
2014-10-22 10:15:00	144	69
2014-10-22 10:15:00	153	73
2014-10-22 10:15:00	148	65
2014-10-22 10:15:00	140	93
2014-10-22 10:15:00	154	75
2014-10-22 10:15:00	125	8
2014-10-22 10:15:00	147	7
2014-10-22 10:15:00	132	66
2014-10-22 10:15:00	150	8
2014-10-22 10:15:00	155	7
2014-10-22 10:15:00	23	185
2014-10-22 06:45:00	23	7
2014-10-22 10:15:00	133	43
2014-10-22 10:15:00	85	30
2014-10-22 10:15:00	151	56
2014-10-22 10:15:00	152	106
2014-10-22 10:15:00	130	210
2014-10-22 10:15:00	149	43
2014-10-22 10:15:00	134	28
2014-10-22 10:15:00	138	9
2014-10-22 10:15:00	145	56
2014-10-22 10:30:00	152	110
2014-10-22 10:30:00	130	247
2014-10-22 10:30:00	149	50
2014-10-22 10:30:00	134	39
2014-10-22 10:30:00	138	9
2014-10-22 10:30:00	145	64
2014-10-22 10:30:00	131	166
2014-10-22 10:30:00	139	27
2014-10-22 10:30:00	144	76
2014-10-22 10:30:00	153	104
2014-10-22 10:30:00	148	67
2014-10-22 10:30:00	140	137
2014-10-22 10:30:00	125	5
2014-10-22 10:30:00	147	8
2014-10-22 10:30:00	132	64
2014-10-22 10:30:00	150	10
2014-10-22 10:30:00	155	7
2014-10-22 10:30:00	23	205
2014-10-22 10:30:00	133	53
2014-10-22 10:30:00	85	51
2014-10-22 10:30:00	151	60
2014-10-22 10:45:00	155	8
2014-10-22 10:45:00	23	254
2014-10-22 10:45:00	133	51
2014-10-22 10:45:00	85	54
2014-10-22 10:45:00	151	67
2014-10-22 10:45:00	152	110
2014-10-22 10:45:00	130	260
2014-10-22 10:45:00	149	62
2014-10-22 10:45:00	134	40
2014-10-22 10:45:00	138	12
2014-10-22 10:45:00	145	81
2014-10-22 10:45:00	131	193
2014-10-22 10:45:00	139	28
2014-10-22 10:45:00	144	75
2014-10-22 10:45:00	153	97
2014-10-22 10:45:00	148	83
2014-10-22 10:45:00	140	140
2014-10-22 10:45:00	125	8
2014-10-22 10:45:00	147	11
2014-10-22 10:45:00	132	69
2014-10-22 10:45:00	150	9
2014-10-22 11:00:00	154	49
2014-10-22 11:00:00	125	7
2014-10-22 11:00:00	147	9
2014-10-22 11:00:00	132	89
2014-10-22 11:00:00	131	231
2014-10-22 11:00:00	139	43
2014-10-22 11:00:00	144	75
2014-10-22 11:00:00	23	289
2014-10-22 11:00:00	85	62
2014-10-22 11:00:00	153	122
2014-10-22 11:00:00	148	95
2014-10-22 11:00:00	140	179
2014-10-22 11:00:00	152	105
2014-10-22 11:00:00	130	306
2014-10-22 11:00:00	149	72
2014-10-22 11:00:00	134	46
2014-10-22 11:00:00	138	12
2014-10-22 11:00:00	145	91
2014-10-22 14:30:00	152	144
2014-10-22 11:00:00	155	10
2014-10-22 11:00:00	133	49
2014-10-22 11:15:00	152	83
2014-10-22 11:15:00	130	313
2014-10-22 11:00:00	151	74
2014-10-22 17:30:00	150	13
2014-10-22 11:15:00	149	81
2014-10-22 11:15:00	138	11
2014-10-22 11:15:00	145	94
2014-10-22 11:15:00	155	10
2014-10-22 11:15:00	133	65
2014-10-22 11:15:00	151	65
2014-10-22 11:15:00	154	46
2014-10-22 11:15:00	125	16
2014-10-22 11:15:00	147	11
2014-10-22 11:15:00	132	101
2014-10-22 11:15:00	150	12
2014-10-22 11:15:00	131	248
2014-10-22 11:15:00	139	44
2014-10-22 11:15:00	144	90
2014-10-22 11:15:00	23	351
2014-10-22 11:15:00	85	76
2014-10-22 11:15:00	153	100
2014-10-22 11:15:00	148	84
2014-10-22 11:15:00	140	208
2014-10-22 11:30:00	131	261
2014-10-22 11:30:00	139	47
2014-10-22 11:30:00	144	83
2014-10-22 11:30:00	153	110
2014-10-22 11:30:00	148	92
2014-10-22 11:30:00	140	228
2014-10-22 11:30:00	154	55
2014-10-22 11:30:00	125	39
2014-10-22 11:30:00	147	12
2014-10-22 11:30:00	132	114
2014-10-22 11:30:00	150	15
2014-10-22 11:30:00	155	11
2014-10-22 11:30:00	23	356
2014-10-22 11:30:00	133	54
2014-10-22 11:30:00	85	96
2014-10-22 11:30:00	151	61
2014-10-22 11:30:00	152	106
2014-10-22 11:30:00	130	324
2014-10-22 11:30:00	149	76
2014-10-22 11:30:00	134	52
2014-10-22 11:30:00	138	18
2014-10-22 11:30:00	145	93
2014-10-22 11:45:00	131	255
2014-10-22 11:45:00	139	53
2014-10-22 11:45:00	144	104
2014-10-22 11:45:00	23	376
2014-10-22 11:45:00	85	96
2014-10-22 11:45:00	153	104
2014-10-22 11:45:00	148	105
2014-10-22 11:45:00	140	226
2014-10-22 11:45:00	152	111
2014-10-22 11:45:00	130	329
2014-10-22 11:45:00	149	80
2014-10-22 11:45:00	134	64
2014-10-22 11:45:00	138	16
2014-10-22 11:45:00	145	107
2014-10-22 11:45:00	155	11
2014-10-22 11:45:00	133	58
2014-10-22 11:45:00	151	71
2014-10-22 11:45:00	154	57
2014-10-22 11:45:00	125	43
2014-10-22 11:45:00	147	11
2014-10-22 11:45:00	132	116
2014-10-22 12:00:00	152	128
2014-10-22 12:00:00	130	344
2014-10-22 12:00:00	149	90
2014-10-22 12:00:00	134	59
2014-10-22 12:00:00	138	15
2014-10-22 12:00:00	145	92
2014-10-22 12:00:00	131	230
2014-10-22 12:00:00	139	42
2014-10-22 12:00:00	144	121
2014-10-22 12:00:00	153	114
2014-10-22 12:00:00	148	108
2014-10-22 12:00:00	140	259
2014-10-22 12:00:00	154	59
2014-10-22 12:00:00	125	68
2014-10-22 12:00:00	147	12
2014-10-22 12:00:00	132	122
2014-10-22 12:00:00	150	13
2014-10-22 12:00:00	155	25
2014-10-22 12:00:00	23	380
2014-10-22 12:00:00	133	53
2014-10-22 12:00:00	85	108
2014-10-22 12:00:00	151	81
2014-10-22 12:15:00	154	56
2014-10-22 12:15:00	125	97
2014-10-22 12:15:00	147	12
2014-10-22 10:45:00	154	49
2014-10-22 12:15:00	132	122
2014-10-22 00:30:00	85	21
2014-10-22 12:15:00	150	16
2014-10-22 12:15:00	155	18
2014-10-22 12:15:00	23	380
2014-10-22 12:15:00	133	66
2014-10-22 12:15:00	85	125
2014-10-22 12:15:00	151	97
2014-10-22 12:15:00	152	147
2014-10-22 12:15:00	130	397
2014-10-22 12:15:00	149	90
2014-10-22 12:15:00	134	72
2014-10-22 12:15:00	138	15
2014-10-22 12:15:00	145	85
2014-10-22 12:15:00	131	244
2014-10-22 12:15:00	139	45
2014-10-22 12:15:00	144	103
2014-10-22 12:15:00	153	154
2014-10-22 12:15:00	148	121
2014-10-22 12:15:00	140	263
2014-10-22 12:30:00	154	59
2014-10-22 12:30:00	125	85
2014-10-22 12:30:00	147	10
2014-10-22 12:30:00	132	128
2014-10-22 12:30:00	150	13
2014-10-22 12:30:00	155	18
2014-10-22 12:30:00	23	376
2014-10-22 12:30:00	133	69
2014-10-22 12:30:00	85	112
2014-10-22 12:30:00	151	82
2014-10-22 12:30:00	152	129
2014-10-22 12:30:00	130	395
2014-10-22 12:30:00	149	97
2014-10-22 12:30:00	134	71
2014-10-22 12:30:00	138	15
2014-10-22 12:30:00	145	91
2014-10-22 12:30:00	131	249
2014-10-22 12:30:00	139	57
2014-10-22 12:30:00	144	81
2014-10-22 12:30:00	153	140
2014-10-22 12:30:00	148	133
2014-10-22 12:30:00	140	272
2014-10-22 12:45:00	154	67
2014-10-22 12:45:00	125	87
2014-10-22 12:45:00	147	10
2014-10-22 12:45:00	132	152
2014-10-22 12:45:00	150	21
2014-10-22 12:45:00	155	40
2014-10-22 12:45:00	23	416
2014-10-22 12:45:00	133	60
2014-10-22 12:45:00	85	112
2014-10-22 12:45:00	151	96
2014-10-22 12:45:00	152	167
2014-10-22 12:45:00	130	433
2014-10-22 12:45:00	149	91
2014-10-22 12:45:00	134	70
2014-10-22 12:45:00	138	14
2014-10-22 12:45:00	145	95
2014-10-22 12:45:00	131	276
2014-10-22 12:45:00	139	59
2014-10-22 12:45:00	144	80
2014-10-22 12:45:00	153	151
2014-10-22 12:45:00	148	147
2014-10-22 12:45:00	140	317
2014-10-22 13:00:00	152	154
2014-10-22 13:00:00	130	440
2014-10-22 13:00:00	149	91
2014-10-22 13:00:00	134	69
2014-10-22 13:00:00	138	20
2014-10-22 13:00:00	145	102
2014-10-22 13:00:00	131	266
2014-10-22 13:00:00	139	60
2014-10-22 13:00:00	144	96
2014-10-22 13:00:00	153	139
2014-10-22 13:00:00	148	169
2014-10-22 13:00:00	140	321
2014-10-22 13:00:00	154	56
2014-10-22 13:00:00	125	98
2014-10-22 13:00:00	147	17
2014-10-22 13:00:00	132	152
2014-10-22 13:00:00	150	18
2014-10-22 13:00:00	155	35
2014-10-22 13:00:00	23	491
2014-10-22 13:00:00	133	61
2014-10-22 13:00:00	85	104
2014-10-22 13:00:00	151	99
2014-10-22 13:15:00	155	41
2014-10-22 13:15:00	133	75
2014-10-22 13:15:00	151	141
2014-10-22 11:45:00	150	14
2014-10-22 13:15:00	154	57
2014-10-22 13:15:00	125	139
2014-10-22 13:15:00	147	14
2014-10-22 13:15:00	132	151
2014-10-22 13:15:00	150	18
2014-10-22 13:15:00	131	248
2014-10-22 13:15:00	139	62
2014-10-22 13:15:00	144	89
2014-10-22 13:15:00	23	517
2014-10-22 13:15:00	85	125
2014-10-22 13:15:00	153	144
2014-10-22 13:15:00	148	155
2014-10-22 13:15:00	140	320
2014-10-22 13:15:00	152	207
2014-10-22 13:15:00	130	470
2014-10-21 18:00:00	147	15
2014-10-22 13:15:00	149	90
2014-10-22 13:15:00	134	90
2014-10-22 13:15:00	138	19
2014-10-22 13:15:00	145	109
2014-10-22 13:30:00	154	58
2014-10-22 13:30:00	125	129
2014-10-22 13:30:00	147	15
2014-10-22 13:30:00	132	147
2014-10-22 13:30:00	150	17
2014-10-22 13:30:00	131	281
2014-10-22 13:30:00	139	63
2014-10-22 13:30:00	144	137
2014-10-22 13:30:00	23	562
2014-10-22 13:30:00	85	134
2014-10-22 13:30:00	153	130
2014-10-22 15:30:00	130	477
2014-10-22 13:30:00	148	153
2014-10-22 13:30:00	140	302
2014-10-22 13:30:00	152	194
2014-10-22 13:30:00	130	440
2014-10-22 13:30:00	149	90
2014-10-22 13:30:00	134	95
2014-10-22 13:30:00	138	19
2014-10-22 13:30:00	145	100
2014-10-22 13:30:00	155	51
2014-10-22 13:30:00	133	75
2014-10-22 13:30:00	151	120
2014-10-22 13:45:00	152	169
2014-10-22 13:45:00	130	448
2014-10-22 13:45:00	149	98
2014-10-22 13:45:00	134	106
2014-10-22 13:45:00	138	23
2014-10-22 13:45:00	145	96
2014-10-22 13:45:00	131	307
2014-10-22 13:45:00	139	78
2014-10-22 13:45:00	144	95
2014-10-22 13:45:00	153	194
2014-10-22 13:45:00	148	138
2014-10-22 13:45:00	140	325
2014-10-22 13:45:00	154	54
2014-10-22 13:45:00	125	120
2014-10-22 13:45:00	147	14
2014-10-22 13:45:00	132	154
2014-10-22 13:45:00	150	11
2014-10-22 13:45:00	155	41
2014-10-22 13:45:00	23	568
2014-10-22 13:45:00	133	80
2014-10-22 13:45:00	85	111
2014-10-22 13:45:00	151	118
2014-10-22 14:00:00	154	55
2014-10-22 14:00:00	125	96
2014-10-22 14:00:00	147	15
2014-10-22 14:00:00	132	154
2014-10-22 14:00:00	150	8
2014-10-22 14:00:00	155	34
2014-10-22 14:00:00	23	635
2014-10-22 14:00:00	133	73
2014-10-22 14:00:00	85	149
2014-10-22 14:00:00	151	106
2014-10-22 14:00:00	152	137
2014-10-22 14:00:00	130	457
2014-10-22 14:00:00	149	103
2014-10-22 14:00:00	134	114
2014-10-22 14:00:00	138	25
2014-10-22 14:00:00	145	113
2014-10-22 14:00:00	131	309
2014-10-22 14:00:00	139	88
2014-10-22 14:00:00	144	102
2014-10-22 14:00:00	153	167
2014-10-22 14:00:00	148	170
2014-10-22 14:00:00	140	336
2014-10-22 14:15:00	152	117
2014-10-22 14:15:00	130	456
2014-10-22 14:15:00	149	114
2014-10-22 14:15:00	134	125
2014-10-22 14:15:00	138	30
2014-10-22 14:15:00	145	104
2014-10-22 14:15:00	155	27
2014-10-22 14:15:00	133	79
2014-10-22 14:15:00	151	94
2014-10-22 14:15:00	154	49
2014-10-22 14:15:00	125	68
2014-10-22 14:15:00	147	15
2014-10-22 14:15:00	132	169
2014-10-22 14:15:00	150	9
2014-10-22 14:15:00	131	303
2014-10-22 14:15:00	139	92
2014-10-22 14:15:00	144	106
2014-10-21 18:00:00	132	214
2014-10-22 14:15:00	23	630
2014-10-22 14:15:00	85	148
2014-10-22 14:15:00	153	134
2014-10-22 14:15:00	148	152
2014-10-22 14:15:00	140	338
2014-10-22 14:30:00	154	72
2014-10-22 14:30:00	125	33
2014-10-22 14:30:00	147	11
2014-10-22 14:30:00	132	185
2014-10-22 14:30:00	150	9
2014-10-22 14:30:00	131	352
2014-10-22 14:30:00	139	76
2014-10-22 14:30:00	144	118
2014-10-22 14:30:00	23	586
2014-10-22 14:30:00	85	141
2014-10-22 14:30:00	153	120
2014-10-22 14:30:00	148	139
2014-10-22 14:30:00	140	320
2014-10-22 14:30:00	130	502
2014-10-22 14:30:00	149	112
2014-10-22 14:30:00	134	134
2014-10-22 14:30:00	138	28
2014-10-22 14:30:00	145	104
2014-10-22 14:30:00	155	24
2014-10-22 14:30:00	133	82
2014-10-22 14:30:00	151	120
2014-10-22 14:45:00	155	26
2014-10-22 14:45:00	23	555
2014-10-22 14:45:00	133	87
2014-10-22 14:45:00	85	144
2014-10-22 14:45:00	152	142
2014-10-22 14:45:00	130	467
2014-10-22 14:45:00	149	119
2014-10-22 14:45:00	134	130
2014-10-22 14:45:00	138	25
2014-10-22 14:45:00	145	110
2014-10-22 14:45:00	131	352
2014-10-22 14:45:00	139	77
2014-10-22 14:45:00	144	134
2014-10-22 14:45:00	153	116
2014-10-22 14:45:00	148	161
2014-10-22 14:45:00	140	335
2014-10-22 14:45:00	154	60
2014-10-22 14:45:00	125	21
2014-10-22 14:45:00	147	10
2014-10-22 14:45:00	132	193
2014-10-22 14:45:00	150	8
2014-10-22 15:00:00	155	43
2014-10-22 15:00:00	23	581
2014-10-22 15:00:00	133	87
2014-10-22 15:00:00	85	147
2014-10-22 15:00:00	151	121
2014-10-22 15:00:00	152	181
2014-10-22 15:00:00	130	491
2014-10-22 15:00:00	149	111
2014-10-22 15:00:00	134	137
2014-10-22 15:00:00	138	21
2014-10-22 15:00:00	145	110
2014-10-22 15:00:00	131	355
2014-10-22 15:00:00	139	93
2014-10-22 15:00:00	144	126
2014-10-22 15:00:00	153	157
2014-10-22 15:00:00	148	152
2014-10-22 15:00:00	140	391
2014-10-22 15:00:00	154	67
2014-10-22 15:00:00	125	17
2014-10-22 15:00:00	147	10
2014-10-22 15:00:00	132	217
2014-10-22 15:00:00	150	9
2014-10-22 15:15:00	154	64
2014-10-22 15:15:00	125	12
2014-10-22 15:15:00	147	9
2014-10-22 15:15:00	132	211
2014-10-22 15:15:00	150	9
2014-10-22 15:15:00	131	344
2014-10-22 15:15:00	139	95
2014-10-22 15:15:00	144	143
2014-10-22 15:15:00	23	608
2014-10-22 15:15:00	85	138
2014-10-22 15:15:00	153	158
2014-10-22 15:15:00	148	155
2014-10-22 15:15:00	140	403
2014-10-22 15:15:00	152	136
2014-10-22 15:15:00	130	456
2014-10-22 15:15:00	149	113
2014-10-22 15:15:00	134	138
2014-10-22 15:15:00	138	24
2014-10-22 15:15:00	145	114
2014-10-21 18:00:00	150	7
2014-10-21 18:00:00	131	299
2014-10-22 15:15:00	155	37
2014-10-22 15:15:00	133	88
2014-10-22 15:15:00	151	94
2014-10-22 15:30:00	131	366
2014-10-22 15:30:00	139	110
2014-10-22 15:30:00	144	125
2014-10-22 15:30:00	153	134
2014-10-22 15:30:00	148	148
2014-10-22 15:30:00	140	429
2014-10-22 15:30:00	154	73
2014-10-22 15:30:00	125	19
2014-10-22 15:30:00	147	7
2014-10-22 15:30:00	132	216
2014-10-22 15:30:00	150	7
2014-10-22 15:30:00	155	33
2014-10-22 15:30:00	23	624
2014-10-22 15:30:00	133	96
2014-10-22 15:30:00	85	129
2014-10-22 15:30:00	151	102
2014-10-22 15:30:00	152	123
2014-10-22 15:30:00	149	109
2014-10-22 15:30:00	134	154
2014-10-22 15:30:00	138	27
2014-10-22 15:30:00	145	109
2014-10-22 15:45:00	155	31
2014-10-22 15:45:00	23	647
2014-10-22 15:45:00	133	98
2014-10-22 15:45:00	85	134
2014-10-22 15:45:00	151	96
2014-10-22 15:45:00	152	127
2014-10-22 15:45:00	130	494
2014-10-22 15:45:00	149	121
2014-10-22 15:45:00	134	153
2014-10-22 15:45:00	138	24
2014-10-22 15:45:00	145	129
2014-10-22 15:45:00	131	360
2014-10-22 15:45:00	139	108
2014-10-22 15:45:00	144	132
2014-10-22 15:45:00	153	105
2014-10-22 15:45:00	148	154
2014-10-22 15:45:00	140	439
2014-10-22 15:45:00	154	72
2014-10-22 15:45:00	125	21
2014-10-22 15:45:00	147	9
2014-10-22 15:45:00	132	228
2014-10-22 15:45:00	150	11
2014-10-22 16:00:00	152	131
2014-10-22 16:00:00	130	479
2014-10-22 16:00:00	149	117
2014-10-22 16:00:00	134	157
2014-10-22 16:00:00	138	34
2014-10-22 16:00:00	145	115
2014-10-22 16:00:00	155	21
2014-10-22 16:00:00	133	102
2014-10-22 16:00:00	151	109
2014-10-22 16:00:00	154	73
2014-10-22 16:00:00	125	15
2014-10-22 16:00:00	147	11
2014-10-22 16:00:00	132	231
2014-10-22 16:00:00	150	11
2014-10-22 16:00:00	131	366
2014-10-22 16:00:00	139	112
2014-10-22 16:00:00	144	126
2014-10-22 16:00:00	23	640
2014-10-22 16:00:00	85	141
2014-10-22 16:00:00	153	111
2014-10-22 16:00:00	148	155
2014-10-22 16:00:00	140	443
2014-10-22 16:15:00	152	129
2014-10-22 16:15:00	130	497
2014-10-22 16:15:00	149	120
2014-10-22 16:15:00	134	148
2014-10-22 16:15:00	138	34
2014-10-22 16:15:00	145	126
2014-10-22 16:15:00	131	366
2014-10-22 16:15:00	139	117
2014-10-22 16:15:00	144	129
2014-10-22 16:15:00	153	96
2014-10-22 16:15:00	148	147
2014-10-22 16:15:00	140	416
2014-10-22 16:15:00	154	68
2014-10-22 16:15:00	125	17
2014-10-22 16:15:00	147	11
2014-10-22 16:15:00	132	237
2014-10-22 16:15:00	150	10
2014-10-22 16:15:00	155	21
2014-10-22 16:15:00	23	616
2014-10-22 16:15:00	133	101
2014-10-22 16:15:00	85	136
2014-10-22 16:15:00	151	111
2014-10-22 16:30:00	131	320
2014-10-22 16:30:00	139	101
2014-10-22 16:30:00	144	127
2014-10-22 16:30:00	148	151
2014-10-22 16:30:00	140	404
2014-10-22 16:30:00	154	92
2014-10-22 16:30:00	125	13
2014-10-22 16:30:00	147	10
2014-10-22 16:30:00	132	227
2014-10-22 16:30:00	150	17
2014-10-22 16:30:00	155	21
2014-10-22 16:30:00	23	651
2014-10-22 16:30:00	133	92
2014-10-22 16:30:00	85	105
2014-10-22 16:30:00	151	115
2014-10-22 16:30:00	152	129
2014-10-22 16:30:00	130	435
2014-10-22 16:30:00	149	105
2014-10-22 16:30:00	134	143
2014-10-22 16:30:00	138	26
2014-10-22 16:30:00	145	120
2014-10-22 16:45:00	152	128
2014-10-22 16:45:00	130	446
2014-10-22 16:45:00	149	103
2014-10-22 16:45:00	134	157
2014-10-22 16:45:00	138	26
2014-10-22 16:45:00	145	129
2014-10-22 16:45:00	133	99
2014-10-22 16:45:00	151	87
2014-10-22 16:45:00	154	86
2014-10-22 16:45:00	125	10
2014-10-22 16:45:00	147	16
2014-10-22 16:45:00	132	233
2014-10-22 16:45:00	150	33
2014-10-22 16:45:00	131	333
2014-10-22 16:45:00	139	105
2014-10-22 16:45:00	144	107
2014-10-22 16:45:00	23	662
2014-10-22 16:45:00	85	75
2014-10-22 16:45:00	153	95
2014-10-22 16:45:00	148	155
2014-10-22 16:45:00	140	402
2014-10-22 17:00:00	155	22
2014-10-22 17:00:00	133	99
2014-10-22 17:00:00	151	83
2014-10-22 17:00:00	154	87
2014-10-22 17:00:00	125	9
2014-10-22 17:00:00	147	12
2014-10-22 17:00:00	132	230
2014-10-22 17:00:00	150	23
2014-10-22 17:00:00	131	349
2014-10-22 17:00:00	139	116
2014-10-22 17:00:00	144	118
2014-10-22 17:00:00	23	649
2014-10-22 17:00:00	85	80
2014-10-22 17:00:00	153	96
2014-10-22 17:00:00	148	153
2014-10-22 17:00:00	140	424
2014-10-22 17:00:00	152	106
2014-10-22 17:00:00	130	444
2014-10-22 17:00:00	149	110
2014-10-22 17:00:00	134	157
2014-10-22 17:00:00	138	16
2014-10-22 17:00:00	145	122
2014-10-22 17:15:00	154	107
2014-10-22 17:15:00	125	14
2014-10-22 17:15:00	147	10
2014-10-22 17:15:00	132	229
2014-10-22 17:15:00	150	27
2014-10-22 17:15:00	131	344
2014-10-22 17:15:00	139	116
2014-10-22 17:15:00	144	108
2014-10-22 17:15:00	23	638
2014-10-22 17:15:00	85	66
2014-10-22 17:15:00	153	107
2014-10-22 17:15:00	148	160
2014-10-22 17:15:00	140	430
2014-10-22 17:15:00	152	97
2014-10-22 17:15:00	130	457
2014-10-22 17:15:00	149	111
2014-10-22 17:15:00	134	152
2014-10-22 17:15:00	138	17
2014-10-22 17:15:00	145	117
2014-10-22 17:15:00	155	11
2014-10-22 17:15:00	133	91
2014-10-22 17:15:00	151	103
2014-10-22 17:30:00	152	108
2014-10-22 17:30:00	130	439
2014-10-22 17:30:00	149	105
2014-10-22 17:30:00	134	147
2014-10-22 17:30:00	138	18
2014-10-22 17:30:00	145	110
2014-10-22 17:30:00	155	21
2014-10-22 17:30:00	133	97
2014-10-22 17:30:00	151	99
2014-10-22 17:30:00	154	109
2014-10-22 17:30:00	125	39
2014-10-22 17:30:00	147	9
2014-10-22 17:30:00	132	206
2014-10-22 17:30:00	131	341
2014-10-22 17:30:00	139	123
2014-10-22 17:30:00	144	95
2014-10-22 17:30:00	23	598
2014-10-22 17:30:00	85	62
2014-10-22 17:30:00	153	99
2014-10-22 17:30:00	148	156
2014-10-22 17:30:00	140	426
\.


--
-- Data for Name: oauth_data; Type: TABLE DATA; Schema: public; Owner: adi
--

COPY oauth_data (uni, code) FROM stdin;
abc1234	l7QGxn6doncC9Z9iPk7hykbMilRg2uV0JoIxYljtEai4o7rjVP1J9KDTudwYDNKl
\.


--
-- Data for Name: routers; Type: TABLE DATA; Schema: public; Owner: adi
--

COPY routers (id, name, building_id) FROM stdin;
152	Lerner 3	84
150	Lerner 1	84
155	JJ's Place	75
130	Butler Library 2	103
148	Architectural and Fine Arts Library 2	146
134	Butler Library 6	103
144	Starr East Asian Library	62
151	Lerner 2	84
85	Roone Arledge Auditorium	84
133	Butler Library 5	103
140	Lehman Library 3	79
171	Butler Library 301	103
153	Lerner 4	84
145	Science and Engineering Library	15
149	Architectural and Fine Arts Library 3	146
139	Lehman Library 2	79
154	Lerner 5	84
131	Butler Library 3	103
125	John Jay Dining Hall	75
138	Butler Library stk	103
132	Butler Library 4	103
23	Uris/Watson Library	2
147	Architectural and Fine Arts Library 1	146
\.


--
-- Name: building_unique_name; Type: CONSTRAINT; Schema: public; Owner: adi; Tablespace: 
--

ALTER TABLE ONLY buildings
    ADD CONSTRAINT building_unique_name UNIQUE (name);


--
-- Name: buildings_pkey; Type: CONSTRAINT; Schema: public; Owner: adi; Tablespace: 
--

ALTER TABLE ONLY buildings
    ADD CONSTRAINT buildings_pkey PRIMARY KEY (id);


--
-- Name: density_data_pkey; Type: CONSTRAINT; Schema: public; Owner: adi; Tablespace: 
--

ALTER TABLE ONLY density_data
    ADD CONSTRAINT density_data_pkey PRIMARY KEY (dump_time, group_id);


--
-- Name: room_unique_name; Type: CONSTRAINT; Schema: public; Owner: adi; Tablespace: 
--

ALTER TABLE ONLY routers
    ADD CONSTRAINT room_unique_name UNIQUE (name);


--
-- Name: routers_pkey; Type: CONSTRAINT; Schema: public; Owner: adi; Tablespace: 
--

ALTER TABLE ONLY routers
    ADD CONSTRAINT routers_pkey PRIMARY KEY (id);


--
-- Name: density_data_group_id_dump_time_idx; Type: INDEX; Schema: public; Owner: adi; Tablespace: 
--

CREATE INDEX density_data_group_id_dump_time_idx ON density_data USING btree (group_id, dump_time);


--
-- Name: oauth_data_code_idx; Type: INDEX; Schema: public; Owner: adi; Tablespace: 
--

CREATE UNIQUE INDEX oauth_data_code_idx ON oauth_data USING btree (code);


--
-- Name: density_data_group_id_fkey; Type: FK CONSTRAINT; Schema: public; Owner: adi
--

ALTER TABLE ONLY density_data
    ADD CONSTRAINT density_data_group_id_fkey FOREIGN KEY (group_id) REFERENCES routers(id);


--
-- Name: routers_building_id_fkey; Type: FK CONSTRAINT; Schema: public; Owner: adi
--

ALTER TABLE ONLY routers
    ADD CONSTRAINT routers_building_id_fkey FOREIGN KEY (building_id) REFERENCES buildings(id);


--
-- Name: public; Type: ACL; Schema: -; Owner: postgres
--

REVOKE ALL ON SCHEMA public FROM PUBLIC;
REVOKE ALL ON SCHEMA public FROM postgres;
GRANT ALL ON SCHEMA public TO postgres;
GRANT ALL ON SCHEMA public TO PUBLIC;


--
-- PostgreSQL database dump complete
--

